date,pm2.5,o3,no2,기온(°C),풍속(m/s),강수량(mm),0~9,20~29,80~89,over 100,하차총승객수,입장객 수
2017-04-01,12.24149969632856,0.024,0.026,8.64166666666666,1.8375,0.0,4678,8267,1636,9,9721,17070.0
2017-04-02,25.930316237581543,0.035,0.021,7.9125,2.1625,0.0,4678,8267,1636,9,10397,32457.0
2017-04-03,44.90367177370076,0.036,0.035,10.8374999999999,2.6875,0.0,4678,8267,1636,9,3498,3032.0
2017-04-04,40.14758667832114,0.031,0.042,12.2458333333333,1.51666666666666,0.0,4678,8267,1636,9,5501,3576.0
2017-04-05,24.873408438608294,0.018,0.041,11.9416666666666,1.1125,1.41666666666666,4678,8267,1636,9,3850,1067.0
2017-04-06,9.650215044294676,0.029,0.02,11.2125,2.69999999999999,0.395833333333333,4678,8267,1636,9,3496,1603.0
2017-04-07,21.22521598760116,0.017,0.039,14.375,1.49583333333333,0.0,4678,8267,1636,9,8961,6248.0
2017-04-08,31.743309131934403,0.018,0.039,13.0708333333333,2.1,0.0,4678,8267,1636,9,23936,40887.0
2017-04-09,20.16830818862791,0.027,0.022,13.9249999999999,2.425,0.0625,4678,8267,1636,9,19040,39359.0
2017-04-10,8.644292090720658,0.033,0.022,15.3708333333333,1.875,0.0,4678,8267,1636,9,7603,7589.0
2017-04-11,26.560739827866627,0.036,0.024,15.0208333333333,3.025,0.0,4678,8267,1636,9,8018,7035.0
2017-04-12,36.12389486402509,0.04,0.011,11.7583333333333,3.8375,0.0,4678,8267,1636,9,9692,7538.0
2017-04-13,39.72110246963299,0.038,0.023,11.9916666666666,2.75,0.0,4678,8267,1636,9,9075,7727.0
2017-04-14,28.674555425813125,0.048,0.021,13.1375,3.7875,0.145833333333333,4678,8267,1636,9,8842,3058.0
2017-04-15,36.49939422731401,0.039,0.027,15.8666666666666,1.95416666666666,0.0,4678,8267,1636,9,21611,31747.0
2017-04-16,28.62357058041389,0.028,0.032,17.075,1.09583333333333,0.0,4678,8267,1636,9,19855,37119.0
2017-04-17,27.515677936041413,0.014,0.045,13.9874999999999,1.61666666666666,0.208333333333333,4678,8267,1636,9,3408,2046.0
2017-04-18,15.99166183813416,0.028,0.022,11.4249999999999,3.3125,0.229166666666666,4678,8267,1636,9,4503,2864.0
2017-04-19,49.284257505791444,0.033,0.016,13.0833333333333,3.26666666666666,0.0,4678,8267,1636,9,5945,17909.0
2017-04-20,41.885902912978715,0.026,0.031,12.5875,1.98333333333333,0.0,4678,8267,1636,9,4069,3430.0
2017-04-21,36.55037907271325,0.027,0.032,11.7666666666666,1.65,0.0,4678,8267,1636,9,7284,7265.0
2017-04-22,31.26584007784701,0.03,0.027,13.4874999999999,1.66666666666666,0.0,4678,8267,1636,9,17480,30798.0
2017-04-23,25.98130108298077,0.041,0.024,13.3291666666666,1.79583333333333,0.0,4678,8267,1636,9,14431,40116.0
2017-04-24,23.33903158554765,0.038,0.026,13.1791666666666,2.05,0.0,4678,8267,1636,9,5030,6026.0
2017-04-25,32.32274787682026,0.039,0.03,15.2958333333333,2.34583333333333,0.0,4678,8267,1636,9,6062,5660.0
2017-04-26,23.918470330433507,0.034,0.02,15.15,2.46666666666666,0.0,4678,8267,1636,9,6722,7375.0
2017-04-27,22.861562531460265,0.037,0.019,13.2791666666666,2.93333333333333,0.0,4678,8267,1636,9,7625,7641.0
2017-04-28,40.198571523720375,0.042,0.023,14.4333333333333,3.9375,0.0,4678,8267,1636,9,13064,9533.0
2017-04-29,35.970940327827385,0.038,0.026,16.3875,3.05,0.0,4678,8267,1636,9,15202,21481.0
2017-04-30,57.58656536137972,0.069,0.02,18.8958333333333,2.69999999999999,0.0,4678,8267,1636,9,13681,26596.0
2017-05-01,52.830480266000116,0.051,0.027,18.5208333333333,1.275,0.0,4664,8187,1621,9,15153,23136.0
2017-05-02,58.115019260866355,0.036,0.043,18.7874999999999,1.15,0.0,4664,8187,1621,9,15527,13938.0
2017-05-03,33.3796556757935,0.048,0.035,19.5291666666666,1.425,0.0,4664,8187,1621,9,20820,30998.0
2017-05-04,31.79429397733363,0.03,0.035,19.7375,1.29583333333333,0.0,4664,8187,1621,9,16914,25285.0
2017-05-05,27.089193727353255,0.037,0.017,21.1041666666666,2.66666666666666,0.0,4664,8187,1621,9,21237,46264.0
2017-05-06,111.69280249061225,0.04,0.011,14.7999999999999,4.22916666666666,0.0,4664,8187,1621,9,10051,9915.0
2017-05-07,48.75580360630482,0.043,0.014,15.7124999999999,3.33333333333333,0.0,4664,8187,1621,9,7289,7630.0
2017-05-08,99.38540826622221,0.041,0.031,16.6208333333333,2.13749999999999,0.0,4664,8187,1621,9,6434,3876.0
2017-05-09,59.80235065012469,0.019,0.032,15.9791666666666,1.275,0.0833333333333333,4664,8187,1621,9,5914,3997.0
2017-05-10,15.99166183813416,0.028,0.02,15.9458333333333,2.14166666666666,0.145833333333333,4664,8187,1621,9,6763,4585.0
2017-05-11,40.198571523720375,0.029,0.031,17.8125,1.58333333333333,0.0,4664,8187,1621,9,8013,5814.0
2017-05-12,39.670117624233754,0.034,0.032,18.6958333333333,2.1875,0.0,4664,8187,1621,9,15034,18841.0
2017-05-13,24.3959393845209,0.04,0.018,16.1458333333333,3.10416666666666,0.3125,4664,8187,1621,9,9250,7908.0
2017-05-14,28.19708637172573,0.042,0.013,15.7125,4.475,0.0,4664,8187,1621,9,16976,31381.0
2017-05-15,17.099554482506637,0.036,0.016,15.8583333333333,3.6625,0.0,4664,8187,1621,9,7108,6424.0
2017-05-16,14.93475403916091,0.033,0.024,16.5708333333333,2.10833333333333,0.0,4664,8187,1621,9,5342,6234.0
2017-05-17,18.582946490168048,0.03,0.032,17.8541666666666,1.45,0.0,4664,8187,1621,9,6308,6530.0
2017-05-18,24.92439328400753,0.049,0.024,19.0,2.025,0.0,4664,8187,1621,9,6650,8462.0
2017-05-19,24.3959393845209,0.042,0.027,19.9541666666666,2.19583333333333,0.0,4664,8187,1621,9,16152,12305.0
2017-05-20,18.05449259068142,0.037,0.029,19.7791666666666,1.65416666666666,0.0,4664,8187,1621,9,15421,22972.0
2017-05-21,13.34939234070104,0.036,0.02,19.8458333333333,1.65416666666666,0.0,4664,8187,1621,9,11772,24708.0
2017-05-22,19.162385235053897,0.03,0.026,20.125,1.42916666666666,0.0,4664,8187,1621,9,4408,4876.0
2017-05-23,18.582946490168048,0.016,0.026,18.8499999999999,1.52083333333333,0.4375,4664,8187,1621,9,5363,5384.0
2017-05-24,11.235576742754546,0.023,0.023,20.9083333333333,1.4625,0.0625,4664,8187,1621,9,5456,6338.0
2017-05-25,18.633931335567276,0.036,0.021,18.9458333333333,3.39583333333333,0.0,4664,8187,1621,9,6123,7842.0
2017-05-26,7.587384291747412,0.036,0.015,17.0583333333333,2.90416666666666,0.0,4664,8187,1621,9,11333,12687.0
2017-05-27,13.34939234070104,0.037,0.025,18.3333333333333,2.02083333333333,0.0,4664,8187,1621,9,18885,33795.0
2017-05-28,22.28212378657441,0.049,0.019,19.5625,2.2375,0.0,4664,8187,1621,9,15650,39195.0
2017-05-29,35.442486428340764,0.051,0.021,21.875,1.90416666666666,0.0,4664,8187,1621,9,5215,7267.0
2017-05-30,25.45284718349415,0.04,0.031,22.8,2.37083333333333,0.0,4664,8187,1621,9,6832,8825.0
2017-05-31,17.526038691194795,0.028,0.033,21.5166666666666,1.4,0.0,4664,8187,1621,9,6560,6836.0
2017-06-01,17.048569637107406,0.032,0.017,22.8499999999999,2.50833333333333,0.0,4621,8102,1616,8,6728,9190.0
2017-06-02,9.172745990207282,0.034,0.018,20.1958333333333,2.16666666666666,0.0,4621,8102,1616,8,10571,10915.0
2017-06-03,14.406300139674286,0.037,0.014,20.3916666666666,2.65,0.0,4621,8102,1616,8,15851,33239.0
2017-06-04,11.76403064224117,0.038,0.017,20.5041666666666,2.225,0.0,4621,8102,1616,8,13857,36290.0
2017-06-05,13.82686139478843,0.039,0.03,22.0666666666666,1.51666666666666,0.0,4621,8102,1616,8,12737,18592.0
2017-06-06,8.064853345834806,0.035,0.018,18.9375,1.24583333333333,0.25,4621,8102,1616,8,12179,22602.0
2017-06-07,4.894129948915062,0.028,0.017,17.6375,1.82916666666666,0.395833333333333,4621,8102,1616,8,4268,1871.0
2017-06-08,24.344954539121673,0.05,0.019,19.8166666666666,2.5375,0.0,4621,8102,1616,8,5359,23381.0
2017-06-09,30.157947433474533,0.056,0.018,20.7791666666666,3.77916666666666,0.0833333333333333,4621,8102,1616,8,7226,15512.0
2017-06-10,23.390016430946886,0.04,0.022,17.8461538461538,1.63333333333333,0.166666666666666,4621,8102,1616,8,13674,21501.0
2017-06-11,12.292484541727791,0.032,0.022,21.0374999999999,1.675,0.0,4621,8102,1616,8,10814,23498.0
2017-06-12,13.877846240187665,0.039,0.022,21.05,1.85833333333333,0.0,4621,8102,1616,8,3886,3589.0
2017-06-13,15.463207938647535,0.021,0.025,20.8416666666666,2.175,0.0,4621,8102,1616,8,4288,3915.0
2017-06-14,19.162385235053897,0.057,0.013,20.8583333333333,2.31666666666666,0.0,4621,8102,1616,8,4864,4146.0
2017-06-15,21.804654732487016,0.046,0.017,22.65,3.05833333333333,0.0,4621,8102,1616,8,4663,6991.0
2017-06-16,34.385578629367515,0.056,0.022,24.1958333333333,1.56666666666666,0.0,4621,8102,1616,8,5258,3307.0
2017-06-17,24.92439328400753,0.055,0.024,23.1416666666666,1.91249999999999,0.0,4621,8102,1616,8,10286,10224.0
2017-06-18,18.633931335567276,0.045,0.023,23.3041666666666,1.41666666666666,0.0,4621,8102,1616,8,7294,8647.0
2017-06-19,21.276200833000395,0.034,0.032,23.6083333333333,1.32916666666666,0.0,4621,8102,1616,8,3490,2163.0
2017-06-20,24.92439328400753,0.036,0.044,24.4458333333333,1.37916666666666,0.0,4621,8102,1616,8,4596,2530.0
2017-06-21,25.503832028893385,0.034,0.026,24.8583333333333,2.77916666666666,0.0,4621,8102,1616,8,4276,2201.0
2017-06-22,15.463207938647535,0.042,0.02,24.7416666666666,2.14166666666666,0.0,4621,8102,1616,8,4032,12935.0
2017-06-23,17.57702353659403,0.039,0.033,25.8375,1.27083333333333,0.0,4621,8102,1616,8,4526,2122.0
2017-06-24,22.28212378657441,0.016,0.046,23.6125,1.24583333333333,0.166666666666666,4621,8102,1616,8,8681,6202.0
2017-06-25,14.93475403916091,0.036,0.021,23.1916666666666,1.30416666666666,0.0625,4621,8102,1616,8,5647,6163.0
2017-06-26,10.178668943781297,0.03,0.026,22.5166666666666,1.67083333333333,1.41666666666666,4621,8102,1616,8,2537,1272.0
2017-06-27,12.820938441214416,0.039,0.018,24.3375,1.5,0.0,4621,8102,1616,8,4247,2243.0
2017-06-28,24.92439328400753,0.039,0.022,25.6291666666666,1.4375,0.0,4621,8102,1616,8,4242,2113.0
2017-06-29,23.86748548503428,0.036,0.025,25.5625,1.37083333333333,0.0,4621,8102,1616,8,4266,2120.0
2017-06-30,30.686401332961154,0.031,0.027,25.4749999999999,1.27083333333333,0.0,4621,8102,1616,8,4686,2103.0
2017-07-01,21.75366988708779,0.025,0.024,24.3791666666666,1.3375,0.0833333333333333,4594,8023,1615,8,7402,7808.0
2017-07-02,6.530476492774163,0.015,0.011,24.8791666666666,1.78333333333333,3.16666666666666,4594,8023,1615,8,2675,1443.0
2017-07-03,7.587384291747412,0.032,0.007,25.1833333333333,3.75,0.854166666666666,4594,8023,1615,8,1836,807.0
2017-07-04,12.820938441214416,0.034,0.016,26.5541666666666,1.84166666666666,1.54166666666666,4594,8023,1615,8,3366,1715.0
2017-07-05,21.276200833000395,0.041,0.021,26.8125,0.95,0.0,4594,8023,1615,8,3939,1349.0
2017-07-06,34.91403252885414,0.009,0.032,26.9166666666666,1.03749999999999,0.0416666666666666,4594,8023,1615,8,4572,1251.0
2017-07-07,2.302845296881177,0.011,0.017,26.3291666666666,2.00833333333333,0.375,4594,8023,1615,8,3101,870.0
2017-07-08,10.178668943781297,0.018,0.014,25.9416666666666,2.33333333333333,0.452380952380952,4594,8023,1615,8,3802,1700.0
2017-07-09,14.88376919376168,0.02,0.015,26.4166666666666,1.34583333333333,1.29166666666666,4594,8023,1615,8,4068,3440.0
2017-07-10,2.302845296881177,0.013,0.018,24.4583333333333,2.025,5.10416666666666,4594,8023,1615,8,1494,338.0
2017-07-11,17.048569637107406,0.035,0.016,26.3583333333333,1.95,0.166666666666666,4594,8023,1615,8,3957,1480.0
2017-07-12,20.747746933513767,0.042,0.014,27.3125,2.26666666666666,0.0208333333333333,4594,8023,1615,8,4195,1597.0
2017-07-13,25.45284718349415,0.035,0.021,26.6583333333333,1.15833333333333,0.0,4594,8023,1615,8,3674,1176.0
2017-07-14,24.92439328400753,0.027,0.021,27.3142857142857,1.5047619047619,0.295454545454545,4594,8023,1615,8,4459,1349.0
2017-07-15,8.064853345834806,0.018,0.016,24.7166666666666,1.60833333333333,2.35416666666666,4594,8023,1615,8,4212,1935.0
2017-07-16,7.536399446348181,0.017,0.012,25.6541666666666,1.6125,2.47916666666666,4594,8023,1615,8,4361,4589.0
2017-07-17,9.650215044294676,0.018,0.014,26.5791666666666,1.70833333333333,0.0208333333333333,4594,8023,1615,8,2685,1188.0
2017-07-18,12.820938441214416,0.029,0.019,26.1875,1.54166666666666,0.0416666666666666,4594,8023,1615,8,3336,1458.0
2017-07-19,22.81057768606103,0.033,0.023,28.0666666666666,1.00416666666666,0.0,4594,8023,1615,8,3785,1180.0
2017-07-20,34.91403252885414,0.036,0.022,29.2458333333333,1.7125,0.0,4594,8023,1615,8,4413,931.0
2017-07-21,31.26584007784701,0.053,0.017,29.9,2.34583333333333,0.0,4594,8023,1615,8,3887,1076.0
2017-07-22,28.09511668092727,0.035,0.016,29.4208333333333,2.10833333333333,0.0208333333333333,4594,8023,1615,8,4932,2501.0
2017-07-23,25.98130108298077,0.031,0.011,27.0291666666666,2.25,1.1875,4594,8023,1615,8,2266,696.0
2017-07-24,23.288046740148424,0.012,0.027,25.9791666666666,1.025,0.5625,4594,8023,1615,8,2172,696.0
2017-07-25,15.940676992734925,0.016,0.021,28.9708333333333,1.22083333333333,0.0,4594,8023,1615,8,3921,1318.0
2017-07-26,8.115838191234037,0.03,0.014,28.0583333333333,1.7125,0.0,4594,8023,1615,8,4355,1267.0
2017-07-27,18.05449259068142,0.02,0.029,26.025,0.608333333333333,0.0208333333333333,4594,8023,1615,8,4792,10889.0
2017-07-28,20.645777242715305,0.006,0.031,25.2083333333333,0.904166666666666,1.83333333333333,4594,8023,1615,8,3366,772.0
2017-07-29,12.769953595815181,0.018,0.016,26.7916666666666,1.5,0.0,4594,8023,1615,8,6211,5834.0
2017-07-30,8.593307245321427,0.032,0.01,27.5458333333333,1.53749999999999,0.0,4594,8023,1615,8,6319,5761.0
2017-07-31,10.65613799786869,0.01,0.021,24.4458333333333,1.14583333333333,0.416666666666666,4594,8023,1615,8,2083,1771.0
2017-08-01,11.76403064224117,0.016,0.02,27.5166666666666,1.04583333333333,0.166666666666666,4558,8011,1612,7,6928,3932.0
2017-08-02,19.63985428914129,0.025,0.022,28.175,0.683333333333333,0.375,4558,8011,1612,7,5798,1976.0
2017-08-03,12.820938441214416,0.023,0.017,28.3458333333333,1.17083333333333,0.0,4558,8011,1612,7,5539,1923.0
2017-08-04,14.406300139674286,0.034,0.018,28.775,0.941666666666666,0.0,4558,8011,1612,7,5380,2164.0
2017-08-05,18.582946490168048,0.034,0.022,30.0374999999999,0.983333333333333,0.0,4558,8011,1612,7,5719,2745.0
2017-08-06,16.46913089222155,0.017,0.02,28.2416666666666,0.820833333333333,0.479166666666666,4558,8011,1612,7,4243,2350.0
2017-08-07,17.048569637107406,0.033,0.018,28.3375,1.43333333333333,0.0,4558,8011,1612,7,3039,1236.0
2017-08-08,22.81057768606103,0.037,0.02,27.0958333333333,1.375,0.0,4558,8011,1612,7,5264,1504.0
2017-08-09,18.05449259068142,0.027,0.021,26.4583333333333,1.07083333333333,0.0416666666666666,4558,8011,1612,7,5142,1601.0
2017-08-10,2.780314350968567,0.015,0.018,24.1083333333333,1.03333333333333,4.64583333333333,4558,8011,1612,7,3857,943.0
2017-08-11,8.593307245321427,0.017,0.014,26.1291666666666,1.30833333333333,0.166666666666666,4558,8011,1612,7,5083,1903.0
2017-08-12,6.479491647374932,0.017,0.012,26.3083333333333,1.32916666666666,0.0,4558,8011,1612,7,8843,6396.0
2017-08-13,6.479491647374932,0.017,0.011,25.5458333333333,1.58333333333333,0.0,4558,8011,1612,7,7033,10371.0
2017-08-14,2.780314350968567,0.006,0.013,23.7291666666666,1.825,0.145833333333333,4558,8011,1612,7,3023,1847.0
2017-08-15,1.1949526525086984,0.005,0.011,22.2041666666666,2.09166666666666,2.95833333333333,4558,8011,1612,7,3294,831.0
2017-08-16,4.894129948915062,0.008,0.012,23.2291666666666,2.44166666666666,0.208333333333333,4558,8011,1612,7,4106,2011.0
2017-08-17,5.951037747888311,0.01,0.016,24.2916666666666,1.1625,0.0208333333333333,4558,8011,1612,7,4205,1883.0
2017-08-18,19.11140038965467,0.018,0.021,25.4916666666666,1.025,0.0,4558,8011,1612,7,4658,2773.0
2017-08-19,20.645777242715305,0.016,0.021,24.9958333333333,0.891666666666666,0.0,4558,8011,1612,7,8271,10675.0
2017-08-20,4.894129948915062,0.022,0.008,23.6041666666666,1.9,4.47916666666666,4558,8011,1612,7,3006,1453.0
2017-08-21,3.837222149941816,0.017,0.011,25.6916666666666,1.9625,0.479166666666666,4558,8011,1612,7,2697,4392.0
2017-08-22,9.650215044294676,0.023,0.014,26.9583333333333,1.60416666666666,0.0,4558,8011,1612,7,4772,2413.0
2017-08-23,7.536399446348181,0.008,0.011,26.7125,2.06666666666666,0.8125,4558,8011,1612,7,2622,724.0
2017-08-24,3.888206995341047,0.02,0.006,26.8833333333333,3.85416666666666,0.666666666666666,4558,8011,1612,7,2306,572.0
2017-08-25,14.88376919376168,0.022,0.02,25.2249999999999,1.3125,0.0,4558,8011,1612,7,5159,2284.0
2017-08-26,10.707122843267921,0.023,0.02,23.3791666666666,1.60416666666666,0.0,4558,8011,1612,7,9572,14474.0
2017-08-27,12.769953595815181,0.011,0.021,21.0166666666666,0.845833333333333,0.0,4558,8011,1612,7,7857,16798.0
2017-08-28,15.940676992734925,0.015,0.027,20.7916666666666,1.14583333333333,0.604166666666666,4558,8011,1612,7,2630,1469.0
2017-08-29,8.593307245321427,0.025,0.015,19.8499999999999,2.22083333333333,0.0,4558,8011,1612,7,4229,3436.0
2017-08-30,15.4122230932483,0.012,0.027,18.5833333333333,1.35833333333333,0.0,4558,8011,1612,7,4325,2860.0
2017-08-31,24.29396969372244,0.011,0.029,20.6958333333333,1.06666666666666,0.0,4558,8011,1612,7,4109,3217.0
2017-09-01,14.30433044887582,0.017,0.023,21.3791666666666,1.2125,0.0,4513,7924,1604,6,4760,3429.0
2017-09-02,18.003507745282185,0.02,0.023,21.8125,0.916666666666666,0.0,4513,7924,1604,6,10384,23313.0
2017-09-03,21.174231142201933,0.028,0.02,22.2375,0.695833333333333,0.0,4513,7924,1604,6,7947,23991.0
2017-09-04,15.4122230932483,0.021,0.023,24.625,1.19166666666666,0.0,4513,7924,1604,6,3190,2911.0
2017-09-05,12.769953595815181,0.005,0.029,20.1375,0.879166666666666,0.0,4513,7924,1604,6,3595,2184.0
2017-09-06,21.65170019628932,0.004,0.033,19.7416666666666,0.604166666666666,0.0625,4513,7924,1604,6,3835,1803.0
2017-09-07,21.702685041688554,0.022,0.024,20.6375,0.987499999999999,0.0,4513,7924,1604,6,3997,4453.0
2017-09-08,33.75515503908243,0.025,0.026,22.875,0.975,0.0,4513,7924,1604,6,5517,4176.0
2017-09-09,42.21041743086841,0.026,0.027,22.2583333333333,0.808333333333333,0.0,4513,7924,1604,6,9579,17303.0
2017-09-10,38.51124013446204,0.016,0.025,21.2458333333333,0.670833333333333,0.0,4513,7924,1604,6,7947,16529.0
2017-09-11,13.29840749530181,0.02,0.021,20.7249999999999,1.47083333333333,0.75,4513,7924,1604,6,2291,10956.0
2017-09-12,15.940676992734925,0.022,0.021,21.25,1.325,0.0,4513,7924,1604,6,4839,3800.0
2017-09-13,17.475053845795564,0.008,0.031,19.6083333333333,1.05833333333333,0.0,4513,7924,1604,6,4514,3875.0
2017-09-14,15.889692147335694,0.017,0.041,19.7125,0.995833333333333,0.0,4513,7924,1604,6,4181,3009.0
2017-09-15,8.064853345834806,0.02,0.025,20.9541666666666,1.9,0.0,4513,7924,1604,6,5927,5715.0
2017-09-16,3.3087682504551914,0.017,0.023,19.75,2.03333333333333,0.0,4513,7924,1604,6,11108,20881.0
2017-09-17,2.780314350968567,0.021,0.018,21.6708333333333,2.25416666666666,0.0,4513,7924,1604,6,8212,21699.0
2017-09-18,11.713045796841936,0.02,0.026,20.175,1.37916666666666,0.0,4513,7924,1604,6,3986,4196.0
2017-09-19,37.50531718088803,0.045,0.022,21.4416666666666,2.44166666666666,0.104166666666666,4513,7924,1604,6,3613,2313.0
2017-09-20,11.76403064224117,0.027,0.025,19.3208333333333,2.0875,0.0,4513,7924,1604,6,5335,6149.0
2017-09-21,12.769953595815181,0.026,0.033,17.8791666666666,0.737499999999999,0.0,4513,7924,1604,6,4913,4800.0
2017-09-22,14.832784348362445,0.048,0.033,18.7,1.16666666666666,0.0,4513,7924,1604,6,6681,7283.0
2017-09-23,30.157947433474533,0.026,0.03,20.0625,1.40833333333333,0.0,4513,7924,1604,6,11441,17515.0
2017-09-24,34.385578629367515,0.036,0.018,21.9916666666666,1.36666666666666,0.0,4513,7924,1604,6,8599,14520.0
2017-09-25,26.987224036554785,0.023,0.033,21.7583333333333,1.02083333333333,0.0,4513,7924,1604,6,3781,2522.0
2017-09-26,29.101039634501284,0.022,0.037,22.0458333333333,1.00833333333333,0.0,4513,7924,1604,6,4685,3580.0
2017-09-27,21.22521598760116,0.015,0.033,21.575,1.22499999999999,0.0208333333333333,4513,7924,1604,6,4709,2494.0
2017-09-28,10.178668943781297,0.027,0.016,19.3260869565217,2.52727272727272,0.0,4513,7924,1604,6,6227,4031.0
2017-09-29,11.184591897355311,0.021,0.023,14.7666666666666,1.64166666666666,0.0,4513,7924,1604,6,8267,6538.0
2017-09-30,21.702685041688554,0.026,0.027,18.5374999999999,2.07083333333333,0.0,4513,7924,1604,6,9817,12712.0
2017-10-01,18.003507745282185,0.011,0.022,16.3083333333333,0.987499999999999,0.229166666666666,4470,7900,1615,5,5229,6413.0
2017-10-02,9.07077629940882,0.026,0.016,20.3875,2.01666666666666,0.3125,4470,7900,1615,5,8647,21387.0
2017-10-03,18.582946490168048,0.025,0.012,17.1375,1.99166666666666,0.0,4470,7900,1615,5,7873,16489.0
2017-10-04,9.121761144808051,0.021,0.013,15.4,1.60833333333333,0.0,4470,7900,1615,5,8816,19220.0
2017-10-05,4.894129948915062,0.017,0.014,16.3958333333333,1.10416666666666,0.0,4470,7900,1615,5,14685,32576.0
2017-10-06,4.84314510351583,0.02,0.012,17.2833333333333,1.53749999999999,0.0,4470,7900,1615,5,9639,20948.0
2017-10-07,4.314691204029206,0.017,0.014,20.0458333333333,0.954166666666666,0.0,4470,7900,1615,5,15109,32091.0
2017-10-08,12.71896875041595,0.022,0.016,20.9166666666666,1.10416666666666,0.0,4470,7900,1615,5,12412,29251.0
2017-10-09,14.30433044887582,0.026,0.019,21.1208333333333,1.13333333333333,0.0,4470,7900,1615,5,11132,21174.0
2017-10-10,18.531961644768813,0.011,0.021,20.0374999999999,0.825,0.0,4470,7900,1615,5,3342,2304.0
2017-10-11,5.371599003002451,0.019,0.013,16.2375,1.80833333333333,1.14583333333333,4470,7900,1615,5,3747,2107.0
2017-10-12,12.24149969632856,0.009,0.023,11.6333333333333,1.17083333333333,0.0,4470,7900,1615,5,4784,3902.0
2017-10-13,14.355315294275055,0.011,0.027,10.6041666666666,1.24583333333333,0.0,4470,7900,1615,5,10600,6403.0
2017-10-14,11.184591897355311,0.015,0.026,11.9249999999999,1.09999999999999,0.0,4470,7900,1615,5,14193,16985.0
2017-10-15,10.65613799786869,0.017,0.023,12.6625,1.19583333333333,0.0,4470,7900,1615,5,8081,19657.0
2017-10-16,14.88376919376168,0.012,0.032,14.8333333333333,1.00416666666666,0.0,4470,7900,1615,5,3638,6706.0
2017-10-17,24.344954539121673,0.01,0.039,13.0958333333333,0.862499999999999,0.0,4470,7900,1615,5,10328,14032.0
2017-10-18,13.82686139478843,0.009,0.033,14.6791666666666,1.30833333333333,0.0,4470,7900,1615,5,6627,5007.0
2017-10-19,10.127684098382066,0.014,0.028,14.95,1.18333333333333,0.0,4470,7900,1615,5,7568,5915.0
2017-10-20,17.475053845795564,0.01,0.038,14.1791666666666,0.758333333333333,0.0,4470,7900,1615,5,14572,10375.0
2017-10-21,21.174231142201933,0.012,0.036,14.225,1.075,0.0,4470,7900,1615,5,14163,22658.0
2017-10-22,11.713045796841936,0.026,0.016,13.9958333333333,3.27916666666666,0.0,4470,7900,1615,5,10010,25073.0
2017-10-23,12.769953595815181,0.02,0.027,11.7541666666666,1.42916666666666,0.0,4470,7900,1615,5,4124,4545.0
2017-10-24,18.003507745282185,0.009,0.036,11.4208333333333,0.6875,0.0,4470,7900,1615,5,5870,19454.0
2017-10-25,21.702685041688554,0.012,0.036,11.75,0.7875,0.0,4470,7900,1615,5,5924,4625.0
2017-10-26,27.46469309064218,0.008,0.044,12.6124999999999,0.720833333333333,0.0,4470,7900,1615,5,6825,5123.0
2017-10-27,35.3405167375423,0.011,0.047,14.3416666666666,0.733333333333333,0.0,4470,7900,1615,5,13724,8431.0
2017-10-28,30.106962588075298,0.011,0.044,13.6708333333333,0.979166666666666,0.0,4470,7900,1615,5,16482,26879.0
2017-10-29,34.43656347476675,0.022,0.019,10.85,2.4625,0.0,4470,7900,1615,5,10930,19514.0
2017-10-30,20.16830818862791,0.019,0.023,6.32083333333333,1.84166666666666,0.0,4470,7900,1615,5,4518,3338.0
2017-10-31,18.531961644768813,0.009,0.036,7.25416666666666,1.2375,0.0,4470,7900,1615,5,5048,5768.0
2017-11-01,19.11140038965467,0.021,0.031,13.1375,2.49583333333333,0.0,4465,7903,1613,6,6126,3363.0
2017-11-02,22.28212378657441,0.024,0.03,14.9416666666666,1.50833333333333,0.0,4465,7903,1613,6,4938,2669.0
2017-11-03,17.57702353659403,0.03,0.018,12.6,2.57916666666666,0.0833333333333333,4465,7903,1613,6,5964,3156.0
2017-11-04,29.68047837938714,0.018,0.025,6.89166666666666,1.64583333333333,0.0,4465,7903,1613,6,11066,12087.0
2017-11-05,22.231138941175175,0.011,0.03,5.80833333333333,1.0125,0.0,4465,7903,1613,6,9226,12762.0
2017-11-06,19.060415544255434,0.011,0.035,9.77916666666666,1.0,0.0,4465,7903,1613,6,4153,3340.0
2017-11-07,22.231138941175175,0.007,0.042,13.1124999999999,0.7875,0.0,4465,7903,1613,6,5120,3494.0
2017-11-08,36.55037907271325,0.033,0.02,13.7416666666666,2.03333333333333,0.0,4465,7903,1613,6,5117,2653.0
2017-11-09,26.987224036554785,0.007,0.04,7.35416666666666,0.716666666666666,0.0,4465,7903,1613,6,4477,3089.0
2017-11-10,25.401862338094915,0.015,0.032,8.7,2.57916666666666,0.354166666666666,4465,7903,1613,6,4954,2353.0
2017-11-11,39.72110246963299,0.015,0.021,5.5,2.1875,0.0,4465,7903,1613,6,9048,8008.0
2017-11-12,21.65170019628932,0.007,0.032,3.37083333333333,0.8125,0.0,4465,7903,1613,6,7291,9312.0
2017-11-13,27.942162144729572,0.006,0.039,6.85833333333333,1.47499999999999,0.0625,4465,7903,1613,6,2904,1611.0
2017-11-14,27.515677936041413,0.019,0.02,8.31666666666666,2.19583333333333,0.0,4465,7903,1613,6,3704,2003.0
2017-11-15,11.713045796841936,0.018,0.019,3.4125,2.44166666666666,0.0,4465,7903,1613,6,3396,1404.0
2017-11-16,16.418146046822315,0.01,0.031,0.0916666666666666,1.13333333333333,0.0,4465,7903,1613,6,3810,1245.0
2017-11-17,33.175716294196576,0.003,0.047,2.1,1.06666666666666,0.0,4465,7903,1613,6,3461,1388.0
2017-11-18,18.05449259068142,0.022,0.012,-1.0875,3.70833333333333,0.0,4465,7903,1613,6,5355,2759.0
2017-11-19,14.832784348362445,0.018,0.018,-1.59583333333333,2.05833333333333,0.0,4465,7903,1613,6,3773,1918.0
2017-11-20,28.99906994370282,0.009,0.036,-0.791666666666666,0.945833333333333,0.0,4465,7903,1613,6,2177,857.0
2017-11-21,36.39742453651555,0.004,0.045,-0.6375,0.741666666666666,0.0,4465,7903,1613,6,3571,1581.0
2017-11-22,33.80613988448166,0.012,0.035,4.21666666666666,2.05416666666666,0.0625,4465,7903,1613,6,3250,1041.0
2017-11-23,11.713045796841936,0.013,0.024,0.929166666666666,2.12916666666666,0.0,4465,7903,1613,6,3168,1927.0
2017-11-24,11.662060951442704,0.008,0.026,-0.5125,1.14166666666666,0.0416666666666666,4465,7903,1613,6,3051,747.0
2017-11-25,21.07226145140347,0.007,0.035,1.50833333333333,1.52083333333333,1.08333333333333,4465,7903,1613,6,4522,1384.0
2017-11-26,28.470616044216193,0.008,0.031,3.7375,1.60416666666666,0.0,4465,7903,1613,6,4339,2487.0
2017-11-27,44.22226333801644,0.005,0.045,0.5625,0.729166666666666,0.0,4465,7903,1613,6,2309,1072.0
2017-11-28,54.68937163695045,0.003,0.055,4.27916666666666,0.983333333333333,0.0,4465,7903,1613,6,3310,1139.0
2017-11-29,28.62357058041389,0.012,0.027,3.36666666666666,2.65714285714285,0.0,4465,7903,1613,6,2960,795.0
2017-11-30,9.121761144808051,0.023,0.015,-1.84583333333333,3.01249999999999,0.0,4465,7903,1613,6,3877,11318.0
2017-12-01,11.713045796841936,0.014,0.027,-2.64166666666666,1.65833333333333,0.0,4459,7893,1611,6,4544,718.0
2017-12-02,33.75515503908243,0.007,0.035,-0.304166666666666,1.12916666666666,0.0,4459,7893,1611,6,4875,2168.0
2017-12-03,31.112885541649312,0.006,0.033,4.46666666666666,1.675,0.104166666666666,4459,7893,1611,6,3493,1991.0
2017-12-04,18.003507745282185,0.018,0.017,-0.162499999999999,2.70416666666666,0.0,4459,7893,1611,6,2204,719.0
2017-12-05,18.0,0.016,0.019,-4.2875,2.5625,0.0,4459,7893,1611,6,3289,630.0
2017-12-06,25.0,0.006,0.033,-0.0624999999999999,1.77083333333333,0.125,4459,7893,1611,6,4987,721.0
2017-12-07,27.0,0.012,0.028,1.43333333333333,2.30416666666666,0.0,4459,7893,1611,6,4442,911.0
2017-12-08,25.0,0.013,0.022,-3.42916666666666,2.10416666666666,0.0,4459,7893,1611,6,4551,643.0
2017-12-09,27.0,0.005,0.036,-1.9,0.754166666666666,0.0,4459,7893,1611,6,4645,1792.0
2017-12-10,32.0,0.013,0.025,1.10416666666666,2.06666666666666,0.333333333333333,4459,7893,1611,6,3241,1024.0
2017-12-11,11.0,0.018,0.008,-5.67916666666666,3.71666666666666,0.0,4459,7893,1611,6,1842,479.0
2017-12-12,19.0,0.012,0.018,-9.11249999999999,2.13333333333333,0.0,4459,7893,1611,6,4923,324.0
2017-12-13,22.0,0.009,0.027,-8.77083333333333,1.54166666666666,0.0,4459,7893,1611,6,5460,462.0
2017-12-14,44.0,0.003,0.046,-7.77083333333333,0.799999999999999,0.0,4459,7893,1611,6,3551,761.0
2017-12-15,63.0,0.002,0.057,-3.87083333333333,0.741666666666666,0.0,4459,7893,1611,6,3635,627.0
2017-12-16,24.0,0.018,0.014,-4.62083333333333,2.97916666666666,0.0,4459,7893,1611,6,4318,1206.0
2017-12-17,18.0,0.015,0.019,-7.12083333333333,1.8875,0.0,4459,7893,1611,6,3027,996.0
2017-12-18,37.0,0.008,0.032,-0.8125,2.25416666666666,0.0833333333333333,4459,7893,1611,6,2438,420.0
2017-12-19,22.0,0.012,0.02,-4.27083333333333,1.97083333333333,0.0,4459,7893,1611,6,4229,657.0
2017-12-20,27.0,0.003,0.037,-4.79166666666666,1.2375,0.0,4459,7893,1611,6,3204,2985.0
2017-12-21,27.0,0.005,0.036,-1.97499999999999,1.0,0.0,4459,7893,1611,6,3259,653.0
2017-12-22,45.0,0.003,0.044,1.00416666666666,1.06666666666666,0.0,4459,7893,1611,6,5068,804.0
2017-12-23,81.0,0.007,0.037,4.52499999999999,1.3375,0.0,4459,7893,1611,6,5049,1910.0
2017-12-24,72.0,0.014,0.028,2.72083333333333,1.9625,0.729166666666666,4459,7893,1611,6,2247,403.0
2017-12-25,17.0,0.02,0.015,-2.12916666666666,2.475,0.0,4459,7893,1611,6,4460,2028.0
2017-12-26,14.0,0.016,0.018,-3.275,2.69999999999999,0.0,4459,7893,1611,6,2430,772.0
2017-12-27,15.0,0.014,0.021,-6.875,1.74583333333333,0.0,4459,7893,1611,6,3100,488.0
2017-12-28,31.0,0.002,0.038,-2.62083333333333,0.883333333333333,0.0,4459,7893,1611,6,2948,778.0
2017-12-29,72.0,0.005,0.044,1.49166666666666,0.970833333333333,0.0,4459,7893,1611,6,3698,853.0
2017-12-30,85.0,0.005,0.04,0.341666666666666,0.8125,0.0208333333333333,4459,7893,1611,6,4442,1520.0
2017-12-31,34.0,0.021,0.015,0.495833333333333,2.30416666666666,0.0208333333333333,4459,7893,1611,6,4331,1868.0
2018-01-01,22.0,0.01,0.025,-2.28333333333333,1.28749999999999,0.0,4424,7867,1623,6,2559,2316.0
2018-01-02,21.0,0.011,0.026,-2.85833333333333,1.69166666666666,0.0,4424,7867,1623,6,3637,988.0
2018-01-03,20.0,0.014,0.02,-4.61666666666666,1.55,0.0,4424,7867,1623,6,3075,694.0
2018-01-04,27.0,0.005,0.034,-5.22083333333333,1.00833333333333,0.0,4424,7867,1623,6,2938,671.0
2018-01-05,34.0,0.008,0.036,-3.90833333333333,1.22083333333333,0.0,4424,7867,1623,6,3148,758.0
2018-01-06,32.0,0.01,0.03,-3.80833333333333,1.26666666666666,0.0,4424,7867,1623,6,4781,1935.0
2018-01-07,46.0,0.004,0.04,-3.04166666666666,0.891666666666666,0.0,4424,7867,1623,6,3921,1881.0
2018-01-08,42.0,0.01,0.036,1.17916666666666,1.73333333333333,0.0416666666666666,4424,7867,1623,6,2049,634.0
2018-01-09,21.0,0.021,0.015,-3.45416666666666,2.45833333333333,0.0,4424,7867,1623,6,2730,523.0
2018-01-10,15.0,0.02,0.013,-7.07916666666666,2.7375,0.0,4424,7867,1623,6,2422,382.0
2018-01-11,23.0,0.02,0.012,-10.4958333333333,2.3125,0.0,4424,7867,1623,6,1963,312.0
2018-01-12,18.0,0.013,0.026,-10.5958333333333,1.7375,0.0,4424,7867,1623,6,1861,228.0
2018-01-13,42.0,0.003,0.039,-5.35416666666666,0.7875,0.0,4424,7867,1623,6,4047,1015.0
2018-01-14,63.0,0.012,0.032,-1.25833333333333,1.13333333333333,0.0,4424,7867,1623,6,3721,1654.0
2018-01-15,51.0,0.012,0.038,3.86666666666666,1.625,0.0,4424,7867,1623,6,2114,645.0
2018-01-16,92.0,0.003,0.06,1.675,0.7,0.0,4424,7867,1623,6,2796,699.0
2018-01-17,91.0,0.007,0.051,3.38333333333333,1.19583333333333,0.0,4424,7867,1623,6,2813,631.0
2018-01-18,57.0,0.012,0.035,1.9375,1.52083333333333,0.0,4424,7867,1623,6,3059,1503.0
2018-01-19,30.0,0.014,0.032,0.170833333333333,1.2375,0.0,4424,7867,1623,6,3627,918.0
2018-01-20,63.0,0.011,0.039,0.799999999999999,1.90833333333333,0.0,4424,7867,1623,6,5254,2083.0
2018-01-21,44.0,0.007,0.036,-1.24583333333333,0.7125,0.0,4424,7867,1623,6,4219,2123.0
2018-01-22,34.0,0.008,0.038,0.00416666666666665,1.575,0.104166666666666,4424,7867,1623,6,2328,852.0
2018-01-23,14.0,0.027,0.008,-10.3583333333333,3.7875,0.0,4424,7867,1623,6,2283,363.0
2018-01-24,11.0,0.026,0.01,-13.6749999999999,3.92916666666666,0.0,4424,7867,1623,6,1646,128.0
2018-01-25,13.0,0.024,0.013,-13.5416666666666,3.01666666666666,0.0,4424,7867,1623,6,1715,162.0
2018-01-26,21.0,0.021,0.017,-14.5708333333333,2.73333333333333,0.0,4424,7867,1623,6,1673,222.0
2018-01-27,34.0,0.006,0.04,-11.1416666666666,0.891666666666666,0.0,4424,7867,1623,6,2834,655.0
2018-01-28,22.0,0.022,0.019,-5.52916666666666,2.12083333333333,0.0,4424,7867,1623,6,2889,962.0
2018-01-29,19.0,0.023,0.015,-8.225,2.53333333333333,0.0,4424,7867,1623,6,1594,409.0
2018-01-30,22.0,0.01,0.033,-6.39999999999999,2.05416666666666,0.0208333333333333,4424,7867,1623,6,2710,9660.0
2018-01-31,23.0,0.01,0.033,-2.55416666666666,1.72499999999999,0.0,4424,7867,1623,6,3527,585.0
2018-02-01,24.0,0.009,0.039,-5.69583333333333,1.29166666666666,0.0,4434,7843,1621,5,2435,679.0
2018-02-02,35.0,0.007,0.047,-4.5375,1.05,0.0,4434,7843,1621,5,2482,704.0
2018-02-03,21.0,0.025,0.013,-6.55,3.05,0.0,4434,7843,1621,5,3556,1049.0
2018-02-04,21.0,0.028,0.008,-9.15,2.69166666666666,0.0,4434,7843,1621,5,2610,790.0
2018-02-05,15.0,0.026,0.011,-9.11666666666666,2.65833333333333,0.0,4434,7843,1621,5,1471,348.0
2018-02-06,20.0,0.027,0.011,-9.78333333333333,2.86666666666666,0.0,4434,7843,1621,5,1937,369.0
2018-02-07,26.0,0.01,0.034,-9.4375,1.175,0.0,4434,7843,1621,5,2532,418.0
2018-02-08,42.0,0.005,0.053,-6.25416666666666,0.783333333333333,0.0,4434,7843,1621,5,2556,724.0
2018-02-09,55.0,0.009,0.057,-1.44583333333333,1.03749999999999,0.0,4434,7843,1621,5,2584,657.0
2018-02-10,46.0,0.019,0.029,-0.191666666666666,2.72916666666666,0.0,4434,7843,1621,5,4750,1861.0
2018-02-11,14.0,0.029,0.012,-5.76666666666666,2.32916666666666,0.0,4434,7843,1621,5,2798,1159.0
2018-02-12,15.0,0.022,0.02,-5.99583333333333,2.50416666666666,0.0,4434,7843,1621,5,1783,499.0
2018-02-13,18.0,0.015,0.029,-2.55833333333333,2.64583333333333,0.0,4434,7843,1621,5,2683,725.0
2018-02-14,33.0,0.026,0.024,3.26666666666666,3.60416666666666,0.0,4434,7843,1621,5,2560,810.0
2018-02-15,16.0,0.024,0.016,-0.754166666666666,2.06666666666666,0.0,4434,7843,1621,5,2586,1765.0
2018-02-16,25.0,0.023,0.02,-1.75416666666666,1.88333333333333,0.0,4434,7843,1621,5,2784,3007.0
2018-02-17,13.0,0.029,0.008,-2.85,2.725,0.0,4434,7843,1621,5,4508,3590.0
2018-02-18,19.0,0.014,0.027,-1.3,1.06666666666666,0.0,4434,7843,1621,5,4045,3370.0
2018-02-19,38.0,0.008,0.043,0.574999999999999,1.09166666666666,0.0,4434,7843,1621,5,2873,1558.0
2018-02-20,37.0,0.02,0.028,0.254166666666666,2.14583333333333,0.0,4434,7843,1621,5,3874,1243.0
2018-02-21,23.0,0.02,0.024,-1.55833333333333,1.95416666666666,0.0,4434,7843,1621,5,3484,1169.0
2018-02-22,29.0,0.022,0.03,0.25,2.86666666666666,0.0,4434,7843,1621,5,4297,1348.0
2018-02-23,70.0,0.03,0.022,4.09583333333333,2.94999999999999,0.125,4434,7843,1621,5,3884,1079.0
2018-02-24,56.0,0.02,0.029,2.4625,1.92083333333333,0.0,4434,7843,1621,5,6431,3362.0
2018-02-25,34.0,0.012,0.037,1.325,1.16666666666666,0.0,4434,7843,1621,5,5778,6139.0
2018-02-26,45.0,0.012,0.045,1.09166666666666,1.02083333333333,0.0,4434,7843,1621,5,3566,2252.0
2018-02-27,66.0,0.003,0.064,2.38333333333333,1.0,0.0,4434,7843,1621,5,4685,1517.0
2018-02-28,53.0,0.01,0.043,3.69166666666666,2.34583333333333,1.3125,4434,7843,1621,5,2771,626.0
2018-03-01,32.0,0.037,0.011,0.5375,3.64583333333333,0.104166666666666,4394,7867,1626,5,4358,3290.0
2018-03-02,26.0,0.02,0.031,-1.2,1.4875,0.0,4394,7867,1626,5,2681,1500.0
2018-03-03,29.0,0.018,0.039,6.95833333333333,1.26666666666666,0.0,4394,7867,1626,5,7721,14540.0
2018-03-04,29.0,0.015,0.027,9.77083333333333,2.04166666666666,0.5625,4394,7867,1626,5,3006,3619.0
2018-03-05,4.0,0.033,0.013,5.64999999999999,4.5375,0.1875,4394,7867,1626,5,1817,1049.0
2018-03-06,17.0,0.012,0.031,3.13749999999999,1.3125,0.0,4394,7867,1626,5,3036,1751.0
2018-03-07,16.0,0.023,0.02,5.57083333333333,1.75,0.0,4394,7867,1626,5,2774,1434.0
2018-03-08,28.0,0.023,0.021,4.26666666666666,2.01249999999999,0.25,4394,7867,1626,5,2055,604.0
2018-03-09,55.0,0.011,0.036,3.79583333333333,1.13333333333333,0.0,4394,7867,1626,5,2832,1366.0
2018-03-10,32.0,0.024,0.026,3.13749999999999,2.01249999999999,0.0,4394,7867,1626,5,7070,10723.0
2018-03-11,42.0,0.026,0.026,5.79583333333333,1.825,0.0,4394,7867,1626,5,6424,14512.0
2018-03-12,75.0,0.021,0.048,6.35833333333333,1.22916666666666,0.0,4394,7867,1626,5,2631,1555.0
2018-03-13,39.0,0.023,0.035,10.4625,2.46666666666666,0.0,4394,7867,1626,5,3162,1819.0
2018-03-14,14.0,0.028,0.024,16.4875,2.00833333333333,0.0,4394,7867,1626,5,3675,3032.0
2018-03-15,16.0,0.016,0.026,12.5375,2.2875,1.77083333333333,4394,7867,1626,5,1709,390.0
2018-03-16,7.0,0.028,0.018,6.74583333333333,3.26666666666666,0.0,4394,7867,1626,5,3203,2101.0
2018-03-17,21.0,0.013,0.036,5.5625,0.7875,0.0,4394,7867,1626,5,10350,21711.0
2018-03-18,54.0,0.01,0.051,7.95416666666666,0.987499999999999,0.0208333333333333,4394,7867,1626,5,5677,11340.0
2018-03-19,24.0,0.026,0.025,7.80416666666666,3.37083333333333,0.125,4394,7867,1626,5,1893,785.0
2018-03-20,7.0,0.038,0.009,5.09583333333333,4.63333333333333,0.0,4394,7867,1626,5,2999,1228.0
2018-03-21,5.0,0.033,0.014,1.65,3.82499999999999,0.0,4394,7867,1626,5,2243,2184.0
2018-03-22,26.0,0.027,0.027,4.64583333333333,2.19999999999999,0.0,4394,7867,1626,5,3049,1559.0
2018-03-23,49.0,0.023,0.038,4.80833333333333,1.50416666666666,0.0,4394,7867,1626,5,3455,1922.0
2018-03-24,92.0,0.033,0.039,6.85416666666666,2.24166666666666,0.0,4394,7867,1626,5,8336,8418.0
2018-03-25,97.0,0.043,0.028,9.225,2.175,0.0,4394,7867,1626,5,6595,7334.0
2018-03-26,53.0,0.025,0.045,10.1083333333333,1.95416666666666,0.0,4394,7867,1626,5,2188,1227.0
2018-03-27,61.0,0.035,0.036,12.0458333333333,2.12916666666666,0.0,4394,7867,1626,5,3123,1297.0
2018-03-28,46.0,0.035,0.027,14.4,2.68333333333333,0.0,4394,7867,1626,5,3377,1830.0
2018-03-29,47.0,0.02,0.036,15.1625,1.4625,0.0,4394,7867,1626,5,3037,1588.0
2018-03-30,36.0,0.029,0.026,13.1875,1.85416666666666,0.0,4394,7867,1626,5,5163,3670.0
2018-03-31,26.0,0.033,0.026,12.95,1.77391304347826,0.0,4394,7867,1626,5,11666,24609.0
2018-04-01,36.0,0.028,0.023,14.5833333333333,1.67083333333333,0.0,4389,7858,1629,6,6874,15121.0
2018-04-02,30.0,0.022,0.023,17.425,1.68333333333333,0.0,4389,7858,1629,6,3423,2785.0
2018-04-03,20.0,0.021,0.022,17.8499999999999,2.27083333333333,0.0,4389,7858,1629,6,5817,3689.0
2018-04-04,7.0,0.025,0.015,12.8416666666666,2.65833333333333,0.895833333333333,4389,7858,1629,6,4810,2575.0
2018-04-05,5.0,0.022,0.021,7.83749999999999,2.10833333333333,0.458333333333333,4389,7858,1629,6,3187,992.0
2018-04-06,27.0,0.03,0.014,6.62916666666666,3.5625,0.375,4389,7858,1629,6,8432,3920.0
2018-04-07,21.0,0.04,0.008,4.50833333333333,3.85833333333333,0.0,4389,7858,1629,6,13393,12741.0
2018-04-08,16.0,0.031,0.019,4.43333333333333,2.6875,0.145833333333333,4389,7858,1629,6,10989,12683.0
2018-04-09,27.0,0.012,0.038,7.02083333333333,1.27916666666666,0.0,4389,7858,1629,6,6791,5775.0
2018-04-10,21.0,0.03,0.024,13.725,3.99166666666666,0.104166666666666,4389,7858,1629,6,8520,7236.0
2018-04-11,20.0,0.036,0.018,12.8583333333333,4.12916666666666,0.0,4389,7858,1629,6,6759,4184.0
2018-04-12,19.0,0.025,0.028,12.0916666666666,2.6,0.0,4389,7858,1629,6,8296,7264.0
2018-04-13,14.0,0.024,0.031,13.0125,1.76666666666666,0.0,4389,7858,1629,6,11568,8694.0
2018-04-14,13.0,0.03,0.018,9.11249999999999,2.10833333333333,0.458333333333333,4389,7858,1629,6,4743,2097.0
2018-04-15,19.0,0.029,0.015,9.16666666666666,2.37916666666666,0.0,4389,7858,1629,6,12159,21355.0
2018-04-16,22.0,0.021,0.03,10.25,1.35833333333333,0.0,4389,7858,1629,6,5065,5480.0
2018-04-17,29.0,0.024,0.038,11.325,1.22916666666666,0.0,4389,7858,1629,6,5533,5164.0
2018-04-18,34.0,0.027,0.04,11.275,1.55,0.0,4389,7858,1629,6,5510,5634.0
2018-04-19,40.0,0.039,0.039,12.825,1.99583333333333,0.0,4389,7858,1629,6,5030,5069.0
2018-04-20,50.0,0.033,0.051,16.9041666666666,0.870833333333333,0.0,4389,7858,1629,6,6848,5353.0
2018-04-21,39.0,0.029,0.04,16.8625,1.31666666666666,0.0,4389,7858,1629,6,17576,32610.0
2018-04-22,20.0,0.023,0.025,14.5625,1.39583333333333,0.25,4389,7858,1629,6,5923,7680.0
2018-04-23,14.0,0.033,0.021,9.6875,2.5625,2.16666666666666,4389,7858,1629,6,1381,288.0
2018-04-24,4.0,0.034,0.016,11.7791666666666,3.3125,0.0208333333333333,4389,7858,1629,6,4033,4340.0
2018-04-25,28.0,0.022,0.035,12.9208333333333,1.45833333333333,0.0,4389,7858,1629,6,5997,8633.0
2018-04-26,28.0,0.033,0.031,14.1625,1.62083333333333,0.0,4389,7858,1629,6,6575,15833.0
2018-04-27,40.0,0.032,0.036,14.3333333333333,1.37083333333333,0.0,4389,7858,1629,6,9606,14350.0
2018-04-28,38.0,0.029,0.033,14.5583333333333,2.29166666666666,0.0,4389,7858,1629,6,14516,22964.0
2018-04-29,31.0,0.048,0.026,14.4125,1.49166666666666,0.0,4389,7858,1629,6,11997,29774.0
2018-04-30,53.0,0.039,0.028,17.7666666666666,1.18333333333333,0.0,4389,7858,1629,6,5622,15101.0
2018-05-01,38.0,0.03,0.023,19.8125,1.07083333333333,0.0,4370,7856,1628,6,16360,22284.0
2018-05-02,25.0,0.021,0.023,16.0208333333333,2.50833333333333,0.166666666666666,4370,7856,1628,6,4093,1349.0
2018-05-03,15.0,0.037,0.015,11.5583333333333,3.60833333333333,0.0208333333333333,4370,7856,1628,6,7582,9103.0
2018-05-04,16.0,0.05,0.017,14.5416666666666,4.33333333333333,0.0,4370,7856,1628,6,18502,11398.0
2018-05-05,20.0,0.052,0.021,17.1541666666666,2.89583333333333,0.0,4370,7856,1628,6,23587,52310.0
2018-05-06,9.0,0.037,0.014,16.0166666666666,1.59166666666666,1.0625,4370,7856,1628,6,3137,3344.0
2018-05-07,17.0,0.023,0.026,18.1791666666666,1.275,0.0,4370,7856,1628,6,14563,32821.0
2018-05-08,11.0,0.035,0.016,17.1833333333333,2.55833333333333,0.0,4370,7856,1628,6,5656,5728.0
2018-05-09,10.0,0.03,0.022,14.6,1.47916666666666,0.0,4370,7856,1628,6,5270,5892.0
2018-05-10,20.0,0.031,0.027,14.9541666666666,2.22916666666666,0.0,4370,7856,1628,6,5810,6762.0
2018-05-11,31.0,0.042,0.026,16.05,1.54583333333333,0.0,4370,7856,1628,6,13370,9835.0
2018-05-12,17.0,0.019,0.034,13.75,1.15,1.5625,4370,7856,1628,6,3553,1345.0
2018-05-13,13.0,0.028,0.015,15.7708333333333,2.17083333333333,0.0416666666666666,4370,7856,1628,6,9589,23131.0
2018-05-14,39.0,0.033,0.028,17.3416666666666,1.425,0.0,4370,7856,1628,6,4655,4102.0
2018-05-15,34.0,0.031,0.034,21.7458333333333,0.845833333333333,0.0,4370,7856,1628,6,8593,4825.0
2018-05-16,19.0,0.009,0.021,22.2083333333333,1.97499999999999,1.125,4370,7856,1628,6,3186,896.0
2018-05-17,8.0,0.011,0.021,21.4458333333333,1.2375,3.10416666666666,4370,7856,1628,6,3555,1309.0
2018-05-18,4.0,0.013,0.019,16.7958333333333,2.66666666666666,0.166666666666666,4370,7856,1628,6,12336,5492.0
2018-05-19,5.0,0.028,0.016,16.7291666666666,2.07916666666666,0.0,4370,7856,1628,6,18722,33655.0
2018-05-20,8.0,0.025,0.017,15.3208333333333,1.79583333333333,0.0,4370,7856,1628,6,14604,30449.0
2018-05-21,12.0,0.026,0.023,15.725,1.25416666666666,0.0,4370,7856,1628,6,12658,19298.0
2018-05-22,19.0,0.023,0.022,17.1624999999999,0.704166666666666,0.395833333333333,4370,7856,1628,6,15884,28495.0
2018-05-23,12.0,0.038,0.017,17.8208333333333,2.3625,0.458333333333333,4370,7856,1628,6,5319,6302.0
2018-05-24,24.0,0.04,0.023,17.4,2.20833333333333,0.0,4370,7856,1628,6,5424,6387.0
2018-05-25,31.0,0.042,0.03,18.6125,1.49166666666666,0.0,4370,7856,1628,6,9552,8457.0
2018-05-26,37.0,0.051,0.041,19.8,1.20833333333333,0.0,4370,7856,1628,6,18556,27705.0
2018-05-27,26.0,0.04,0.027,19.6333333333333,1.8875,0.0,4370,7856,1628,6,14091,32244.0
2018-05-28,19.0,0.04,0.031,20.8791666666666,1.29166666666666,0.0,4370,7856,1628,6,5759,27205.0
2018-05-29,24.0,0.033,0.023,21.0458333333333,1.51666666666666,0.0833333333333333,4370,7856,1628,6,5783,8741.0
2018-05-30,17.0,0.033,0.018,19.625,2.32083333333333,0.0208333333333333,4370,7856,1628,6,6286,7303.0
2018-05-31,18.0,0.031,0.026,20.1958333333333,1.51666666666666,0.0,4370,7856,1628,6,7299,26276.0
2018-06-01,16.0,0.035,0.035,22.875,1.39166666666666,0.0,4349,7856,1620,5,10975,9969.0
2018-06-02,17.0,0.034,0.032,22.45,1.70416666666666,0.0,4349,7856,1620,5,15123,26341.0
2018-06-03,19.0,0.036,0.028,21.8875,1.24583333333333,0.0,4349,7856,1620,5,11682,25808.0
2018-06-04,26.0,0.015,0.037,21.2791666666666,1.75,0.0,4349,7856,1620,5,4982,5922.0
2018-06-05,31.0,0.039,0.023,23.2625,1.3695652173913,0.0,4349,7856,1620,5,7699,9027.0
2018-06-06,31.0,0.027,0.029,22.4541666666666,1.60416666666666,0.0,4349,7856,1620,5,15176,29944.0
2018-06-07,19.0,0.028,0.027,21.5083333333333,1.49583333333333,0.0,4349,7856,1620,5,5390,6171.0
2018-06-08,16.0,0.03,0.022,21.4083333333333,1.575,0.0,4349,7856,1620,5,6802,7157.0
2018-06-09,22.0,0.031,0.022,22.7249999999999,1.47916666666666,0.0208333333333333,4349,7856,1620,5,11590,18036.0
2018-06-10,5.0,0.031,0.012,21.0541666666666,1.78749999999999,0.0416666666666666,4349,7856,1620,5,7806,19328.0
2018-06-11,4.0,0.018,0.019,20.1416666666666,1.3875,0.0,4349,7856,1620,5,3711,3626.0
2018-06-12,5.0,0.017,0.02,20.9458333333333,1.7375,0.145833333333333,4349,7856,1620,5,5386,5547.0
2018-06-13,18.0,0.029,0.023,21.3666666666666,1.29166666666666,0.0,4349,7856,1620,5,9409,17997.0
2018-06-14,17.0,0.022,0.023,21.4916666666666,1.20833333333333,0.125,4349,7856,1620,5,3030,1766.0
2018-06-15,7.0,0.034,0.014,21.8458333333333,2.10416666666666,0.0208333333333333,4349,7856,1620,5,4960,4362.0
2018-06-16,15.0,0.031,0.023,21.425,1.28333333333333,0.0,4349,7856,1620,5,10013,15207.0
2018-06-17,19.0,0.036,0.024,21.8041666666666,1.1375,0.0,4349,7856,1620,5,7526,12254.0
2018-06-18,18.0,0.037,0.028,24.1458333333333,1.5875,0.0,4349,7856,1620,5,3307,2432.0
2018-06-19,17.0,0.029,0.027,21.4958333333333,1.525,0.0,4349,7856,1620,5,3912,3781.0
2018-06-20,19.0,0.032,0.019,22.5958333333333,2.17083333333333,0.0,4349,7856,1620,5,4552,3212.0
2018-06-21,25.0,0.04,0.021,23.5125,2.10833333333333,0.0,4349,7856,1620,5,4456,2893.0
2018-06-22,23.0,0.034,0.031,23.9208333333333,1.35416666666666,0.0,4349,7856,1620,5,4677,16022.0
2018-06-23,23.0,0.039,0.027,23.7375,2.12083333333333,0.0,4349,7856,1620,5,8852,8845.0
2018-06-24,34.0,0.06,0.012,25.0291666666666,2.37083333333333,0.0,4349,7856,1620,5,6533,6553.0
2018-06-25,21.0,0.023,0.022,25.8375,1.175,0.0,4349,7856,1620,5,3406,2284.0
2018-06-26,15.0,0.037,0.013,22.2625,2.46666666666666,3.1875,4349,7856,1620,5,1958,13766.0
2018-06-27,20.0,0.042,0.015,22.3375,2.9375,0.0208333333333333,4349,7856,1620,5,3373,1986.0
2018-06-28,13.0,0.023,0.018,23.1083333333333,1.29166666666666,0.208333333333333,4349,7856,1620,5,3685,1969.0
2018-06-29,24.0,0.039,0.02,24.6958333333333,1.7625,0.0416666666666666,4349,7856,1620,5,4027,8100.0
2018-06-30,23.0,0.024,0.021,24.4083333333333,1.09166666666666,0.0208333333333333,4349,7856,1620,5,4849,3604.0
2018-07-01,5.0,0.017,0.012,21.6083333333333,1.45,3.41666666666666,4340,7845,1613,6,1846,411.0
2018-07-02,5.0,0.021,0.022,22.4041666666666,1.02083333333333,3.52083333333333,4340,7845,1613,6,1431,334.0
2018-07-03,7.0,0.013,0.014,26.9166666666666,1.81666666666666,0.0,4340,7845,1613,6,3509,1777.0
2018-07-04,12.0,0.003,0.014,26.8916666666666,2.00833333333333,0.0,4340,7845,1613,6,3619,1568.0
2018-07-05,15.0,0.015,0.017,25.0125,1.55833333333333,0.391304347826087,4340,7845,1613,6,3355,1283.0
2018-07-06,3.0,0.018,0.008,23.7916666666666,3.0,0.0,4340,7845,1613,6,5392,2418.0
2018-07-07,3.0,0.026,0.009,23.8166666666666,2.65416666666666,0.0,4340,7845,1613,6,8461,11179.0
2018-07-08,7.0,0.028,0.01,22.5875,2.42916666666666,0.0,4340,7845,1613,6,7082,12207.0
2018-07-09,5.0,0.007,0.014,20.8541666666666,1.75833333333333,0.375,4340,7845,1613,6,1816,574.0
2018-07-10,11.0,0.005,0.016,23.6708333333333,0.6375,0.333333333333333,4340,7845,1613,6,3394,1614.0
2018-07-11,12.0,0.009,0.009,26.7541666666666,1.3375,0.104166666666666,4340,7845,1613,6,4069,1407.0
2018-07-12,11.0,0.01,0.007,26.875,1.375,0.0,4340,7845,1613,6,4703,2517.0
2018-07-13,12.0,0.011,0.01,26.7666666666666,1.20833333333333,0.0,4340,7845,1613,6,5041,1356.0
2018-07-14,12.0,0.017,0.01,27.5916666666666,1.5625,0.0,4340,7845,1613,6,6184,3918.0
2018-07-15,14.0,0.023,0.01,27.7666666666666,0.983333333333333,0.0,4340,7845,1613,6,4743,3031.0
2018-07-16,20.0,0.018,0.016,28.0916666666666,1.3375,0.0,4340,7845,1613,6,2385,852.0
2018-07-17,19.0,0.016,0.015,26.891304347826,1.45416666666666,0.0,4340,7845,1613,6,3232,1139.0
2018-07-18,24.0,0.024,0.016,27.3833333333333,1.42916666666666,0.0,4340,7845,1613,6,3990,14697.0
2018-07-19,23.0,0.02,0.021,27.4666666666666,1.2,0.0,4340,7845,1613,6,2811,899.0
2018-07-20,23.0,0.034,0.026,28.2874999999999,1.09583333333333,0.0,4340,7845,1613,6,3115,756.0
2018-07-21,27.0,0.043,0.031,28.9166666666666,1.02083333333333,0.0,4340,7845,1613,6,4867,1537.0
2018-07-22,23.0,0.047,0.023,29.9833333333333,1.3625,0.0,4340,7845,1613,6,3601,1228.0
2018-07-23,21.0,0.034,0.02,30.5083333333333,1.0,0.0,4340,7845,1613,6,2198,605.0
2018-07-24,26.0,0.051,0.022,30.4458333333333,1.05,0.0,4340,7845,1613,6,2911,516.0
2018-07-25,21.0,0.025,0.015,29.95,2.27916666666666,0.0,4340,7845,1613,6,2954,651.0
2018-07-26,25.0,0.023,0.02,29.5875,1.15,0.0,4340,7845,1613,6,3046,712.0
2018-07-27,34.0,0.034,0.025,30.3125,1.325,0.0,4340,7845,1613,6,3730,1830.0
2018-07-28,25.0,0.019,0.029,28.9,0.854166666666666,0.270833333333333,4340,7845,1613,6,4415,1410.0
2018-07-29,11.0,0.022,0.01,30.4625,2.60416666666666,0.0,4340,7845,1613,6,3788,1620.0
2018-07-30,6.0,0.023,0.014,30.9541666666666,1.87083333333333,0.0,4340,7845,1613,6,2651,937.0
2018-07-31,10.0,0.034,0.019,31.1916666666666,1.125,0.0,4340,7845,1613,6,3974,1320.0
2018-08-01,18.0,0.046,0.024,32.5416666666666,1.0875,0.0,4410,7919,1619,7,3730,607.0
2018-08-02,23.0,0.049,0.026,32.4291666666666,1.20833333333333,0.0,4410,7919,1619,7,3699,792.0
2018-08-03,31.0,0.041,0.024,32.225,1.5625,0.0,4410,7919,1619,7,3801,701.0
2018-08-04,19.0,0.029,0.014,30.8291666666666,2.14583333333333,0.0,4410,7919,1619,7,4293,1558.0
2018-08-05,15.0,0.024,0.007,29.7041666666666,2.125,0.0208333333333333,4410,7919,1619,7,3511,1690.0
2018-08-06,19.0,0.026,0.016,29.8666666666666,1.70833333333333,1.22916666666666,4410,7919,1619,7,2259,815.0
2018-08-07,12.0,0.028,0.018,29.7999999999999,1.0,0.0,4410,7919,1619,7,3609,816.0
2018-08-08,17.0,0.019,0.018,30.2291666666666,1.31666666666666,0.0,4410,7919,1619,7,3255,720.0
2018-08-09,19.0,0.014,0.018,28.1125,1.225,0.145833333333333,4410,7919,1619,7,3365,1072.0
2018-08-10,10.0,0.017,0.02,29.8125,1.09999999999999,0.0,4410,7919,1619,7,3459,725.0
2018-08-11,7.0,0.026,0.014,29.9666666666666,1.29166666666666,0.0,4410,7919,1619,7,4784,2070.0
2018-08-12,11.0,0.03,0.012,30.0083333333333,1.22083333333333,0.0,4410,7919,1619,7,4680,3107.0
2018-08-13,19.0,0.024,0.015,29.7166666666666,0.987499999999999,0.166666666666666,4410,7919,1619,7,2285,865.0
2018-08-14,17.0,0.022,0.023,30.4541666666666,1.2125,0.0,4410,7919,1619,7,3617,943.0
2018-08-15,19.0,0.033,0.018,30.9708333333333,1.55,0.0,4410,7919,1619,7,4947,1790.0
2018-08-16,8.0,0.022,0.012,29.4749999999999,2.5625,0.0,4410,7919,1619,7,3248,755.0
2018-08-17,7.0,0.028,0.015,26.3125,2.2375,0.0,4410,7919,1619,7,4509,1690.0
2018-08-18,8.0,0.032,0.017,25.15,1.16666666666666,0.0,4410,7919,1619,7,6490,7856.0
2018-08-19,15.0,0.042,0.018,26.2625,1.07916666666666,0.0,4410,7919,1619,7,5202,7320.0
2018-08-20,20.0,0.039,0.018,27.8166666666666,1.95416666666666,0.0,4410,7919,1619,7,2583,1315.0
2018-08-21,14.0,0.029,0.016,26.0833333333333,2.41666666666666,0.333333333333333,4410,7919,1619,7,3311,1185.0
2018-08-22,14.0,0.028,0.017,29.325,1.57083333333333,0.0,4410,7919,1619,7,3380,1501.0
2018-08-23,8.0,0.01,0.012,28.6041666666666,2.33333333333333,0.166666666666666,4410,7919,1619,7,2020,520.0
2018-08-24,4.0,0.018,0.009,24.0833333333333,2.4875,0.395833333333333,4410,7919,1619,7,1875,480.0
2018-08-25,11.0,0.034,0.011,24.5666666666666,2.05416666666666,0.0,4410,7919,1619,7,6875,10258.0
2018-08-26,10.0,0.024,0.012,21.3083333333333,1.125,0.104166666666666,4410,7919,1619,7,4627,5426.0
2018-08-27,6.0,0.013,0.018,21.7375,1.15833333333333,1.125,4410,7919,1619,7,1766,549.0
2018-08-28,5.0,0.005,0.016,23.4333333333333,0.670833333333333,5.45833333333333,4410,7919,1619,7,2237,644.0
2018-08-29,7.0,0.007,0.01,25.4958333333333,2.52083333333333,0.583333333333333,4410,7919,1619,7,2171,4342.0
2018-08-30,21.0,0.029,0.012,26.1083333333333,1.87916666666666,0.229166666666666,4410,7919,1619,7,2571,1066.0
2018-08-31,15.0,0.026,0.018,24.5374999999999,1.60416666666666,0.0625,4410,7919,1619,7,3697,2373.0
2018-09-01,12.0,0.022,0.015,24.15,1.4590909090909,0.0,4436,7944,1625,8,7641,15182.0
2018-09-02,7.0,0.029,0.009,24.3666666666666,1.47083333333333,0.0,4436,7944,1625,8,6550,15541.0
2018-09-03,8.0,0.016,0.017,23.7958333333333,1.07083333333333,0.9375,4436,7944,1625,8,1724,684.0
2018-09-04,9.0,0.024,0.014,23.575,1.81666666666666,0.0,4436,7944,1625,8,3301,2211.0
2018-09-05,12.0,0.039,0.01,23.4749999999999,2.55416666666666,0.0,4436,7944,1625,8,4206,2910.0
2018-09-06,17.0,0.034,0.018,23.1125,1.68333333333333,0.0,4436,7944,1625,8,3689,2383.0
2018-09-07,14.0,0.037,0.013,21.4458333333333,2.32083333333333,0.4375,4436,7944,1625,8,4541,3470.0
2018-09-08,13.0,0.021,0.019,19.8583333333333,1.32916666666666,0.0,4436,7944,1625,8,10248,22103.0
2018-09-09,14.0,0.025,0.016,19.9791666666666,1.07083333333333,0.0,4436,7944,1625,8,7746,23202.0
2018-09-10,6.0,0.021,0.012,21.2916666666666,1.50833333333333,0.0,4436,7944,1625,8,3580,3329.0
2018-09-11,7.0,0.019,0.015,19.6583333333333,1.15,0.0,4436,7944,1625,8,3880,3546.0
2018-09-12,9.0,0.023,0.018,20.9416666666666,1.33333333333333,0.0,4436,7944,1625,8,3798,3032.0
2018-09-13,12.0,0.015,0.024,21.5875,1.17083333333333,0.0,4436,7944,1625,8,3903,3182.0
2018-09-14,12.0,0.008,0.026,21.8375,1.275,0.0,4436,7944,1625,8,4116,3111.0
2018-09-15,7.0,0.012,0.018,21.65,1.28333333333333,0.0625,4436,7944,1625,8,8150,10686.0
2018-09-16,22.0,0.022,0.018,21.875,0.9625,0.0416666666666666,4436,7944,1625,8,6495,9048.0
2018-09-17,17.0,0.023,0.021,21.6833333333333,1.45833333333333,0.0,4436,7944,1625,8,3084,3011.0
2018-09-18,20.0,0.018,0.031,20.3083333333333,1.02916666666666,0.0,4436,7944,1625,8,3796,3310.0
2018-09-19,18.0,0.015,0.031,20.2583333333333,0.729166666666666,0.0208333333333333,4436,7944,1625,8,5723,7333.0
2018-09-20,9.0,0.019,0.023,18.1624999999999,1.60416666666666,0.4375,4436,7944,1625,8,3394,1696.0
2018-09-21,6.0,0.013,0.02,18.7958333333333,1.53749999999999,0.708333333333333,4436,7944,1625,8,5285,741.0
2018-09-22,11.0,0.022,0.019,19.9916666666666,1.82083333333333,0.0833333333333333,4436,7944,1625,8,7338,14301.0
2018-09-23,12.0,0.026,0.014,18.4166666666666,1.4625,0.0,4436,7944,1625,8,6003,13065.0
2018-09-24,7.0,0.022,0.01,16.525,1.59583333333333,0.0,4436,7944,1625,8,9054,19661.0
2018-09-25,9.0,0.017,0.013,13.8449999999999,1.1,0.0,4436,7944,1625,8,13545,29558.0
2018-09-26,6.0,0.019,0.012,17.2416666666666,1.52916666666666,0.0,4436,7944,1625,8,9703,21131.0
2018-09-27,6.0,0.016,0.02,16.3708333333333,1.31666666666666,0.0,4436,7944,1625,8,5250,5153.0
2018-09-28,9.0,0.011,0.023,15.7,1.24166666666666,0.0,4436,7944,1625,8,6041,5910.0
2018-09-29,9.0,0.015,0.022,17.9166666666666,1.04583333333333,0.0,4436,7944,1625,8,11239,22289.0
2018-09-30,11.0,0.024,0.015,16.7833333333333,1.8125,0.0,4436,7944,1625,8,8605,19868.0
2018-10-01,11.0,0.029,0.01,16.0666666666666,2.44999999999999,0.0,4438,7981,1628,9,3353,3207.0
2018-10-02,15.0,0.016,0.023,14.225,1.1125,0.0,4438,7981,1628,9,6214,4863.0
2018-10-03,16.0,0.016,0.028,15.0083333333333,0.6875,0.0,4438,7981,1628,9,12217,27449.0
2018-10-04,14.0,0.016,0.027,16.8416666666666,1.44166666666666,0.0,4438,7981,1628,9,5078,4159.0
2018-10-05,6.0,0.016,0.022,15.6761904761904,1.59523809523809,1.22727272727272,4438,7981,1628,9,4146,1426.0
2018-10-06,4.0,0.025,0.014,18.2846153846153,1.99230769230769,0.307692307692307,4438,7981,1628,9,2579,1355.0
2018-10-07,9.0,0.018,0.018,15.9736842105263,1.43333333333333,0.0,4438,7981,1628,9,9219,22060.0
2018-10-08,10.0,0.012,0.027,12.4249999999999,1.02916666666666,0.0,4438,7981,1628,9,8490,11611.0
2018-10-09,9.0,0.009,0.029,13.1458333333333,1.03333333333333,0.0,4438,7981,1628,9,12793,27514.0
2018-10-10,8.0,0.024,0.013,13.375,2.25833333333333,0.104166666666666,4438,7981,1628,9,4404,3384.0
2018-10-11,6.0,0.014,0.018,9.17499999999999,1.66666666666666,0.0,4438,7981,1628,9,5862,5071.0
2018-10-12,9.0,0.009,0.028,9.1,0.895833333333333,0.0,4438,7981,1628,9,11318,8295.0
2018-10-13,10.0,0.009,0.038,10.2458333333333,0.7,0.0,4438,7981,1628,9,11220,16641.0
2018-10-14,12.0,0.017,0.034,11.2833333333333,0.612499999999999,0.0,4438,7981,1628,9,8268,17762.0
2018-10-15,20.0,0.018,0.039,13.6416666666666,0.633333333333333,0.0,4438,7981,1628,9,3548,7580.0
2018-10-16,21.0,0.013,0.037,12.7958333333333,0.904166666666666,0.0,4438,7981,1628,9,6368,4861.0
2018-10-17,16.0,0.013,0.033,10.7791666666666,1.0375,0.0,4438,7981,1628,9,5608,5903.0
2018-10-18,9.0,0.011,0.026,10.1208333333333,1.67083333333333,0.0,4438,7981,1628,9,7427,5146.0
2018-10-19,10.0,0.011,0.029,11.0,1.02083333333333,0.0,4438,7981,1628,9,13749,11385.0
2018-10-20,22.0,0.007,0.042,10.8541666666666,0.579166666666666,0.0,4438,7981,1628,9,13239,22515.0
2018-10-21,22.0,0.013,0.039,10.5666666666666,0.5,0.0,4438,7981,1628,9,9972,21366.0
2018-10-22,33.0,0.015,0.044,11.2958333333333,0.741666666666666,0.0,4438,7981,1628,9,4594,4455.0
2018-10-23,34.0,0.012,0.041,10.6583333333333,1.025,0.208333333333333,4438,7981,1628,9,4926,2405.0
2018-10-24,17.0,0.01,0.033,10.9666666666666,1.01666666666666,0.0,4438,7981,1628,9,5948,5240.0
2018-10-25,18.0,0.008,0.039,11.2625,0.466666666666666,0.0,4438,7981,1628,9,8060,6662.0
2018-10-26,17.0,0.014,0.032,11.7833333333333,1.32916666666666,0.479166666666666,4438,7981,1628,9,9486,14286.0
2018-10-27,7.0,0.025,0.011,9.51666666666666,2.5875,0.0,4438,7981,1628,9,13015,21561.0
2018-10-28,10.0,0.014,0.021,8.35,1.41666666666666,0.1875,4438,7981,1628,9,5339,4916.0
2018-10-29,9.0,0.015,0.017,6.86666666666666,1.80833333333333,0.0,4438,7981,1628,9,5332,3342.0
2018-10-30,12.0,0.012,0.022,5.58333333333333,1.41249999999999,0.0,4438,7981,1628,9,5600,3786.0
2018-10-31,15.0,0.013,0.024,6.57083333333333,1.35416666666666,0.0208333333333333,4438,7981,1628,9,4913,5730.0
2018-11-01,17.0,0.01,0.032,6.32083333333333,0.966666666666666,0.0,4469,7984,1640,9,5476,3923.0
2018-11-02,25.0,0.005,0.047,8.125,0.645833333333333,0.0,4469,7984,1640,9,7092,5152.0
2018-11-03,36.0,0.007,0.053,8.9625,0.670833333333333,0.0,4469,7984,1640,9,11957,16626.0
2018-11-04,26.0,0.013,0.04,9.31666666666666,0.9625,0.0,4469,7984,1640,9,9472,15903.0
2018-11-05,18.0,0.007,0.048,9.79999999999999,0.729166666666666,0.0,4469,7984,1640,9,3839,2780.0
2018-11-06,26.0,0.006,0.053,10.3458333333333,0.399999999999999,0.0,4469,7984,1640,9,3950,2108.0
2018-11-07,35.0,0.005,0.045,12.8791666666666,0.799999999999999,0.0625,4469,7984,1640,9,4063,1321.0
2018-11-08,6.0,0.012,0.027,12.6333333333333,2.28333333333333,2.72916666666666,4469,7984,1640,9,2271,576.0
2018-11-09,25.0,0.032,0.018,12.2666666666666,3.14583333333333,0.125,4469,7984,1640,9,5782,2922.0
2018-11-10,50.0,0.015,0.036,11.1041666666666,1.5,0.0,4469,7984,1640,9,7571,6233.0
2018-11-11,47.0,0.004,0.038,7.29166666666666,0.799999999999999,0.0,4469,7984,1640,9,5760,5204.0
2018-11-12,19.0,0.008,0.04,6.53333333333333,1.0625,0.0,4469,7984,1640,9,3375,2316.0
2018-11-13,26.0,0.006,0.045,6.44166666666666,0.754166666666666,0.0,4469,7984,1640,9,3858,2244.0
2018-11-14,27.0,0.006,0.044,7.16666666666666,0.7125,0.0,4469,7984,1640,9,4217,2219.0
2018-11-15,35.0,0.004,0.053,7.46249999999999,0.616666666666666,0.0,4469,7984,1640,9,4485,1911.0
2018-11-16,49.0,0.012,0.044,8.15,1.39583333333333,0.0,4469,7984,1640,9,3904,1626.0
2018-11-17,20.0,0.007,0.035,4.52916666666666,1.2,0.0,4469,7984,1640,9,6728,6659.0
2018-11-18,25.0,0.01,0.031,5.02916666666666,0.929166666666666,0.0,4469,7984,1640,9,5444,6404.0
2018-11-19,40.0,0.007,0.03,5.22083333333333,0.5875,0.0,4469,7984,1640,9,2456,1383.0
2018-11-20,23.0,0.01,0.023,4.6625,1.15416666666666,0.0,4469,7984,1640,9,3714,1427.0
2018-11-21,21.0,0.009,0.026,5.82916666666666,0.987499999999999,0.104166666666666,4469,7984,1640,9,2656,893.0
2018-11-22,12.0,0.019,0.019,2.23333333333333,1.78749999999999,0.0,4469,7984,1640,9,3418,4964.0
2018-11-23,15.0,0.019,0.03,0.354166666666666,1.52,0.0,4469,7984,1640,9,3117,1208.0
2018-11-24,23.0,0.029,0.032,1.9875,0.583333333333333,0.0,4469,7984,1640,9,4052,1404.0
2018-11-25,42.0,0.007,0.031,4.6,0.525,0.0,4469,7984,1640,9,5192,3699.0
2018-11-26,44.0,0.017,0.035,4.15416666666666,0.413333333333333,0.0,4469,7984,1640,9,2502,1169.0
2018-11-27,57.0,0.007,0.039,5.77083333333333,1.02222222222222,0.0,4469,7984,1640,9,3183,923.0
2018-11-28,27.0,0.011,0.029,4.25,0.604166666666666,0.0,4469,7984,1640,9,4026,895.0
2018-11-29,27.0,0.002,0.04,2.20833333333333,0.3125,0.0,4469,7984,1640,9,3977,8472.0
2018-11-30,26.0,0.006,0.037,1.58333333333333,0.5125,0.0,4469,7984,1640,9,3711,987.0
2018-12-01,25.0,0.005,0.039,3.44999999999999,0.0166666666666666,0.0,4484,7974,1643,9,5127,4005.0
2018-12-02,32.0,0.005,0.035,5.3,0.636363636363636,0.0,4484,7974,1643,9,4167,3381.0
2018-12-03,20.0,0.007,0.033,11.475,1.01666666666666,0.479166666666666,4484,7974,1643,9,1677,356.0
2018-12-04,17.0,0.014,0.02,8.025,1.2375,0.25,4484,7974,1643,9,3538,610.0
2018-12-05,15.0,0.011,0.026,0.633333333333333,0.9625,0.0,4484,7974,1643,9,3374,815.0
2018-12-06,19.0,0.013,0.025,2.73333333333333,0.795833333333333,0.0,4484,7974,1643,9,3785,878.0
2018-12-07,11.0,0.025,0.009,-6.07083333333333,1.6375,0.0,4484,7974,1643,9,3925,440.0
2018-12-08,12.0,0.024,0.01,-7.82916666666666,1.42083333333333,0.0,4484,7974,1643,9,3220,807.0
2018-12-09,14.0,0.018,0.021,-7.25,0.799999999999999,0.0,4484,7974,1643,9,2825,808.0
2018-12-10,24.0,0.005,0.045,-4.49583333333333,0.508333333333333,0.0,4484,7974,1643,9,1740,553.0
2018-12-11,29.0,0.003,0.048,-0.995833333333333,0.5,0.0,4484,7974,1643,9,4398,997.0
2018-12-12,30.0,0.014,0.029,-2.26249999999999,0.520833333333333,0.0,4484,7974,1643,9,4353,2089.0
2018-12-13,29.0,0.013,0.031,-2.32499999999999,1.09166666666666,0.0416666666666666,4484,7974,1643,9,5125,854.0
2018-12-14,24.0,0.007,0.036,-5.72083333333333,0.520833333333333,0.0,4484,7974,1643,9,3976,456.0
2018-12-15,37.0,0.004,0.047,-4.57916666666666,0.0,0.0,4484,7974,1643,9,4248,1381.0
2018-12-16,47.0,0.003,0.05,-1.15833333333333,0.470833333333333,0.0,4484,7974,1643,9,3175,1134.0
2018-12-17,58.0,0.011,0.035,1.98333333333333,0.895833333333333,0.0,4484,7974,1643,9,1954,656.0
2018-12-18,27.0,0.01,0.039,0.725,0.666666666666666,0.0,4484,7974,1643,9,4524,861.0
2018-12-19,42.0,0.007,0.042,2.84166666666666,0.904166666666666,0.0,4484,7974,1643,9,4184,809.0
2018-12-20,31.0,0.006,0.053,0.941666666666666,0.399999999999999,0.0,4484,7974,1643,9,4224,876.0
2018-12-21,36.0,0.002,0.063,2.7125,0.195833333333333,0.0,4484,7974,1643,9,5183,1630.0
2018-12-22,68.0,0.007,0.057,5.48333333333333,0.379166666666666,0.0,4484,7974,1643,9,4381,1982.0
2018-12-23,32.0,0.022,0.021,3.19583333333333,1.07916666666666,0.0,4484,7974,1643,9,4187,2948.0
2018-12-24,15.0,0.009,0.032,-3.05,0.383333333333333,0.0,4484,7974,1643,9,2495,982.0
2018-12-25,25.0,0.003,0.042,-1.81666666666666,0.566666666666666,0.0,4484,7974,1643,9,4865,2402.0
2018-12-26,31.0,0.015,0.024,-0.412499999999999,0.766666666666666,0.0,4484,7974,1643,9,4079,752.0
2018-12-27,11.0,0.022,0.012,-9.125,1.3875,0.0,4484,7974,1643,9,2595,3943.0
2018-12-28,18.0,0.014,0.021,-10.9166666666666,0.995833333333333,0.0,4484,7974,1643,9,2964,357.0
2018-12-29,11.0,0.024,0.012,-7.10833333333333,1.27083333333333,0.0,4484,7974,1643,9,3088,734.0
2018-12-30,24.0,0.009,0.031,-7.98333333333333,0.529166666666666,0.0,4484,7974,1643,9,2973,915.0
2018-12-31,34.0,0.005,0.044,-7.22916666666666,0.3,0.0,4484,7974,1643,9,2337,834.0
2019-01-01,27.0,0.016,0.024,-5.70833333333333,0.5875,0.0,4502,7981,1644,9,2052,1524.0
2019-01-02,26.0,0.01,0.035,-5.92083333333333,0.683333333333333,0.0,4502,7981,1644,9,2424,634.0
2019-01-03,27.0,0.006,0.043,-5.61666666666666,0.2875,0.0,4502,7981,1644,9,3239,777.0
2019-01-04,44.0,0.003,0.052,-3.725,0.483333333333333,0.0,4502,7981,1644,9,2893,690.0
2019-01-05,43.0,0.014,0.03,-3.05,0.716666666666666,0.0,4502,7981,1644,9,4054,1601.0
2019-01-06,30.0,0.007,0.036,-4.3875,0.304166666666666,0.0,4502,7981,1644,9,3448,2057.0
2019-01-07,42.0,0.006,0.046,-3.975,0.333333333333333,0.0,4502,7981,1644,9,1989,773.0
2019-01-08,27.0,0.017,0.024,-3.84583333333333,1.01666666666666,0.0,4502,7981,1644,9,3103,804.0
2019-01-09,28.0,0.008,0.037,-5.77083333333333,0.395833333333333,0.0,4502,7981,1644,9,2405,529.0
2019-01-10,39.0,0.004,0.047,-1.5125,0.383333333333333,0.0,4502,7981,1644,9,2961,839.0
2019-01-11,68.0,0.003,0.052,1.35416666666666,0.295833333333333,0.0,4502,7981,1644,9,3024,814.0
2019-01-12,80.0,0.006,0.055,1.32916666666666,0.399999999999999,0.0,4502,7981,1644,9,4692,1855.0
2019-01-13,88.0,0.008,0.048,-1.0125,0.0874999999999999,0.0,4502,7981,1644,9,3384,1680.0
2019-01-14,127.0,0.002,0.059,-0.966666666666666,0.0791666666666666,0.0,4502,7981,1644,9,1611,433.0
2019-01-15,94.0,0.02,0.026,-1.0125,0.975,0.0,4502,7981,1644,9,2479,493.0
2019-01-16,20.0,0.014,0.024,-5.58749999999999,0.9125,0.0,4502,7981,1644,9,2694,674.0
2019-01-17,27.0,0.011,0.032,-0.895833333333333,0.9125,0.0,4502,7981,1644,9,3243,1220.0
2019-01-18,43.0,0.007,0.045,-1.79166666666666,0.416666666666666,0.0,4502,7981,1644,9,3400,810.0
2019-01-19,72.0,0.009,0.043,1.33333333333333,0.2625,0.0,4502,7981,1644,9,4379,1738.0
2019-01-20,42.0,0.027,0.013,-0.241666666666666,1.16666666666666,0.0,4502,7981,1644,9,3497,2064.0
2019-01-21,23.0,0.015,0.027,-2.07499999999999,1.01666666666666,0.0,4502,7981,1644,9,2103,731.0
2019-01-22,33.0,0.011,0.036,-0.266666666666666,0.833333333333333,0.0,4502,7981,1644,9,3122,988.0
2019-01-23,50.0,0.015,0.033,1.3375,0.879166666666666,0.0,4502,7981,1644,9,2814,756.0
2019-01-24,27.0,0.007,0.039,-1.64583333333333,0.333333333333333,0.0,4502,7981,1644,9,3128,1010.0
2019-01-25,25.0,0.016,0.028,-1.94583333333333,0.958333333333333,0.0,4502,7981,1644,9,3110,882.0
2019-01-26,24.0,0.021,0.019,-3.00416666666666,0.966666666666666,0.0,4502,7981,1644,9,5321,2023.0
2019-01-27,21.0,0.017,0.025,-2.14583333333333,0.875,0.0,4502,7981,1644,9,4643,2391.0
2019-01-28,28.0,0.025,0.017,1.73333333333333,1.35833333333333,0.0,4502,7981,1644,9,2048,703.0
2019-01-29,25.0,0.006,0.042,-1.96666666666666,0.5,0.0,4502,7981,1644,9,2880,938.0
2019-01-30,35.0,0.006,0.053,0.433333333333333,0.383333333333333,0.0,4502,7981,1644,9,2726,716.0
2019-01-31,22.0,0.017,0.023,-1.19166666666666,1.10416666666666,0.0,4502,7981,1644,9,2488,1624.0
2019-02-01,19.0,0.015,0.029,-3.18333333333333,0.858333333333333,0.0,4536,7953,1649,11,2356,626.0
2019-02-02,39.0,0.01,0.039,1.85037170770859e-17,0.429166666666666,0.0,4536,7953,1649,11,3734,1630.0
2019-02-03,33.0,0.018,0.028,3.1875,0.879166666666666,0.895833333333333,4536,7953,1649,11,1438,405.0
2019-02-04,38.0,0.024,0.016,-0.266666666666666,0.954166666666666,0.0,4536,7953,1649,11,3322,2550.0
2019-02-05,29.0,0.014,0.03,0.304166666666666,0.5125,0.0,4536,7953,1649,11,3115,3855.0
2019-02-06,34.0,0.019,0.032,3.01666666666666,0.575,0.0,4536,7953,1649,11,4268,4046.0
2019-02-07,33.0,0.029,0.013,-0.429166666666666,1.45416666666666,0.0,4536,7953,1649,11,2506,996.0
2019-02-08,19.0,0.014,0.029,-5.87916666666666,0.816666666666666,0.0,4536,7953,1649,11,2478,771.0
2019-02-09,18.0,0.025,0.015,-4.8375,0.758333333333333,0.0,4536,7953,1649,11,4444,1771.0
2019-02-10,28.0,0.015,0.027,-5.33333333333333,0.241666666666666,0.0,4536,7953,1649,11,3577,1652.0
2019-02-11,26.0,0.021,0.024,-3.25833333333333,0.579166666666666,0.0,4536,7953,1649,11,2224,732.0
2019-02-12,40.0,0.019,0.031,-1.04166666666666,0.5,0.0,4536,7953,1649,11,3471,1041.0
2019-02-13,25.0,0.02,0.027,-2.39166666666666,0.808333333333333,0.0,4536,7953,1649,11,3061,917.0
2019-02-14,35.0,0.009,0.046,-1.62916666666666,0.341666666666666,0.0,4536,7953,1649,11,3208,1290.0
2019-02-15,32.0,0.017,0.036,-0.737499999999999,0.770833333333333,0.0208333333333333,4536,7953,1649,11,2526,587.0
2019-02-16,53.0,0.031,0.018,-1.94166666666666,0.854166666666666,0.0,4536,7953,1649,11,5024,1889.0
2019-02-17,29.0,0.022,0.025,-2.50416666666666,0.725,0.0,4536,7953,1649,11,4366,2834.0
2019-02-18,28.0,0.005,0.05,-0.516666666666666,0.35,0.0,4536,7953,1649,11,2729,1084.0
2019-02-19,41.0,0.007,0.042,1.025,0.641666666666666,0.166666666666666,4536,7953,1649,11,2380,514.0
2019-02-20,58.0,0.022,0.025,1.47499999999999,0.6875,0.0,4536,7953,1649,11,3392,832.0
2019-02-21,70.0,0.009,0.043,0.725,0.133333333333333,0.0,4536,7953,1649,11,3471,998.0
2019-02-22,62.0,0.01,0.046,1.78749999999999,0.458333333333333,0.0,4536,7953,1649,11,3530,1005.0
2019-02-23,42.0,0.014,0.038,4.09166666666666,0.458333333333333,0.0,4536,7953,1649,11,6901,4086.0
2019-02-24,50.0,0.023,0.033,4.1375,0.6875,0.0,4536,7953,1649,11,5890,7466.0
2019-02-25,49.0,0.02,0.034,3.5875,0.470833333333333,0.0,4536,7953,1649,11,2903,1428.0
2019-02-26,30.0,0.013,0.038,3.59583333333333,0.3875,0.0,4536,7953,1649,11,4554,2285.0
2019-02-27,49.0,0.016,0.045,6.82916666666666,0.504166666666666,0.0,4536,7953,1649,11,4405,2595.0
2019-02-28,67.0,0.019,0.047,4.93333333333333,0.604166666666666,0.0,4536,7953,1649,11,4442,2135.0
2019-03-01,89.0,0.027,0.043,4.76666666666666,0.545833333333333,0.0,4522,7925,1650,10,6960,6264.0
2019-03-02,102.0,0.018,0.052,5.30416666666666,0.445833333333333,0.0,4522,7925,1650,10,6052,5491.0
2019-03-03,84.0,0.027,0.04,7.35833333333333,0.3625,0.0,4522,7925,1650,10,4355,4393.0
2019-03-04,137.0,0.028,0.045,8.72916666666666,0.558333333333333,0.0,4522,7925,1650,10,1834,822.0
2019-03-05,152.0,0.034,0.034,7.6375,0.75,0.0,4522,7925,1650,10,2140,649.0
2019-03-06,109.0,0.025,0.047,7.375,0.65,0.0,4522,7925,1650,10,1894,513.0
2019-03-07,52.0,0.023,0.036,5.88333333333333,0.9125,0.0,4522,7925,1650,10,2641,1196.0
2019-03-08,29.0,0.019,0.038,4.35,0.775,0.0,4522,7925,1650,10,3025,1622.0
2019-03-09,24.0,0.014,0.046,4.86666666666666,0.370833333333333,0.0,4522,7925,1650,10,7808,17833.0
2019-03-10,33.0,0.02,0.039,9.0125,0.579166666666666,0.0,4522,7925,1650,10,4346,9254.0
2019-03-11,50.0,0.019,0.037,5.28333333333333,0.529166666666666,0.0,4522,7925,1650,10,2235,1025.0
2019-03-12,54.0,0.03,0.024,4.29166666666666,0.983333333333333,0.0,4522,7925,1650,10,2359,1326.0
2019-03-13,11.0,0.035,0.011,3.725,1.54166666666666,0.0,4522,7925,1650,10,2530,1064.0
2019-03-14,19.0,0.027,0.026,3.85,0.75,0.0,4522,7925,1650,10,2770,1351.0
2019-03-15,33.0,0.024,0.03,4.89583333333333,0.791666666666666,0.291666666666666,4522,7925,1650,10,2447,963.0
2019-03-16,29.0,0.023,0.023,3.93333333333333,0.65,0.0,4522,7925,1650,10,6452,8722.0
2019-03-17,21.0,0.026,0.02,5.03333333333333,0.804166666666666,0.0,4522,7925,1650,10,6512,15718.0
2019-03-18,21.0,0.013,0.04,5.38181818181818,0.436363636363636,0.0,4522,7925,1650,10,2548,1945.0
2019-03-19,41.0,0.02,0.043,8.4375,0.65,0.0,4522,7925,1650,10,3431,2077.0
2019-03-20,68.0,0.014,0.047,8.94583333333333,0.475,0.770833333333333,4522,7925,1650,10,2280,759.0
2019-03-21,25.0,0.036,0.017,8.10833333333333,1.2375,0.229166666666666,4522,7925,1650,10,2527,1144.0
2019-03-22,19.0,0.035,0.013,3.77083333333333,1.25833333333333,0.0,4522,7925,1650,10,3430,1477.0
2019-03-23,15.0,0.03,0.017,3.18333333333333,1.12083333333333,0.0833333333333333,4522,7925,1650,10,5210,3562.0
2019-03-24,12.0,0.032,0.016,3.48333333333333,0.875,0.0,4522,7925,1650,10,6116,12787.0
2019-03-25,30.0,0.032,0.028,6.78333333333333,0.766666666666666,0.0,4522,7925,1650,10,2575,1538.0
2019-03-26,33.0,0.029,0.032,10.6124999999999,0.733333333333333,0.0,4522,7925,1650,10,3478,1744.0
2019-03-27,64.0,0.052,0.022,11.7416666666666,1.74166666666666,0.0,4522,7925,1650,10,2984,1117.0
2019-03-28,53.0,0.035,0.025,9.62083333333333,1.03333333333333,0.0,4522,7925,1650,10,3183,1665.0
2019-03-29,15.0,0.036,0.022,9.48749999999999,0.987499999999999,0.0,4522,7925,1650,10,4548,2870.0
2019-03-30,22.0,0.041,0.011,5.35,1.27083333333333,0.104166666666666,4522,7925,1650,10,4758,2452.0
2019-03-31,22.0,0.04,0.008,4.57083333333333,1.17083333333333,0.0,4522,7925,1650,10,5222,4418.0
2019-04-01,8.0,0.033,0.016,4.84583333333333,1.1875,0.0,4506,7935,1664,10,2790,1876.0
2019-04-02,13.0,0.03,0.023,5.9125,1.04583333333333,0.0,4506,7935,1664,10,4078,2081.0
2019-04-03,16.0,0.03,0.026,6.5625,1.02083333333333,0.0,4506,7935,1664,10,4543,3957.0
2019-04-04,17.0,0.035,0.024,8.69166666666666,1.30416666666666,0.0,4506,7935,1664,10,4385,3060.0
2019-04-05,21.0,0.039,0.021,10.85,1.42916666666666,0.0,4506,7935,1664,10,6673,4100.0
2019-04-06,15.0,0.013,0.042,8.60833333333333,0.633333333333333,0.0,4506,7935,1664,10,9154,11272.0
2019-04-07,12.0,0.031,0.021,12.4666666666666,0.870833333333333,0.0,4506,7935,1664,10,14554,31924.0
2019-04-08,9.0,0.03,0.023,10.9565217391304,0.8,0.0,4506,7935,1664,10,5998,5501.0
2019-04-09,7.0,0.027,0.024,9.3125,2.00833333333333,0.479166666666666,4506,7935,1664,10,4812,3029.0
2019-04-10,3.0,0.027,0.022,6.58333333333333,1.8625,0.208333333333333,4506,7935,1664,10,4463,2124.0
2019-04-11,12.0,0.021,0.028,8.37916666666666,1.59999999999999,0.0,4506,7935,1664,10,7488,8577.0
2019-04-12,24.0,0.033,0.03,10.2708333333333,1.81666666666666,0.0,4506,7935,1664,10,11833,9296.0
2019-04-13,25.0,0.04,0.032,10.7958333333333,1.90416666666666,0.0,4506,7935,1664,10,30929,39200.0
2019-04-14,17.0,0.047,0.017,9.44166666666666,2.525,0.0416666666666666,4506,7935,1664,10,5950,5017.0
2019-04-15,11.0,0.031,0.03,10.3624999999999,2.15,0.0,4506,7935,1664,10,7256,6556.0
2019-04-16,15.0,0.028,0.044,13.025,1.1375,0.0,4506,7935,1664,10,8076,6982.0
2019-04-17,13.0,0.03,0.032,14.0083333333333,1.86666666666666,0.0,4506,7935,1664,10,7013,6040.0
2019-04-18,16.0,0.024,0.026,12.1416666666666,2.13749999999999,0.0,4506,7935,1664,10,5722,4791.0
2019-04-19,18.0,0.021,0.025,13.025,1.79583333333333,0.0,4506,7935,1664,10,6836,6494.0
2019-04-20,17.0,0.034,0.02,13.4249999999999,1.4,0.0,4506,7935,1664,10,16704,29419.0
2019-04-21,15.0,0.038,0.016,14.8458333333333,1.47499999999999,0.0208333333333333,4506,7935,1664,10,9911,19874.0
2019-04-22,29.0,0.029,0.037,17.7625,1.04583333333333,0.0,4506,7935,1664,10,4408,4445.0
2019-04-23,32.0,0.037,0.034,19.1875,1.17916666666666,0.0,4506,7935,1664,10,4488,3905.0
2019-04-24,21.0,0.027,0.026,18.7708333333333,1.52916666666666,0.333333333333333,4506,7935,1664,10,5040,3475.0
2019-04-25,13.0,0.016,0.026,13.5583333333333,1.79166666666666,0.458333333333333,4506,7935,1664,10,3245,6869.0
2019-04-26,5.0,0.024,0.021,8.35416666666666,1.77916666666666,0.145833333333333,4506,7935,1664,10,5548,3550.0
2019-04-27,8.0,0.02,0.025,10.5499999999999,1.09999999999999,0.0,4506,7935,1664,10,18514,23777.0
2019-04-28,9.0,0.031,0.02,11.4222222222222,1.51666666666666,0.0,4506,7935,1664,10,10359,17964.0
2019-04-29,13.0,0.015,0.035,11.1958333333333,0.775,0.0,4506,7935,1664,10,4069,3283.0
2019-04-30,14.0,0.027,0.031,14.1083333333333,1.27916666666666,0.0,4506,7935,1664,10,8780,6833.0
2019-05-01,18.0,0.037,0.022,15.0333333333333,2.22916666666666,0.0,4495,7929,1669,11,15345,26327.0
2019-05-02,11.0,0.033,0.022,15.7625,2.3125,0.0,4495,7929,1669,11,9352,6977.0
2019-05-03,23.0,0.045,0.031,16.0791666666666,1.5875,0.0,4495,7929,1669,11,12884,9589.0
2019-05-04,50.0,0.049,0.037,17.5999999999999,1.2125,0.0,4495,7929,1669,11,12331,17366.0
2019-05-05,31.0,0.057,0.023,18.2458333333333,1.69166666666666,0.0,4495,7929,1669,11,16193,43255.0
2019-05-06,6.0,0.043,0.01,14.2833333333333,3.52916666666666,0.0,4495,7929,1669,11,14068,31870.0
2019-05-07,12.0,0.04,0.024,13.475,2.48333333333333,0.0,4495,7929,1669,11,5202,4534.0
2019-05-08,18.0,0.052,0.024,14.8666666666666,2.7875,0.0,4495,7929,1669,11,4849,3574.0
2019-05-09,21.0,0.043,0.023,16.0083333333333,2.52083333333333,0.0,4495,7929,1669,11,5784,5572.0
2019-05-10,30.0,0.037,0.041,16.1791666666666,1.275,0.0,4495,7929,1669,11,11332,7701.0
2019-05-11,30.0,0.035,0.042,18.375,1.175,0.0,4495,7929,1669,11,12410,17093.0
2019-05-12,30.0,0.053,0.03,19.2291666666666,0.987499999999999,0.0,4495,7929,1669,11,8713,17370.0
2019-05-13,29.0,0.042,0.032,17.075,1.125,0.0,4495,7929,1669,11,3253,3194.0
2019-05-14,24.0,0.042,0.024,18.6583333333333,1.34583333333333,0.0,4495,7929,1669,11,4906,6529.0
2019-05-15,36.0,0.037,0.034,19.3458333333333,1.38333333333333,0.0,4495,7929,1669,11,8052,6094.0
2019-05-16,35.0,0.039,0.036,21.9875,1.18333333333333,0.0,4495,7929,1669,11,5775,5200.0
2019-05-17,36.0,0.034,0.043,21.6041666666666,0.920833333333333,0.0,4495,7929,1669,11,14799,8945.0
2019-05-18,13.0,0.042,0.015,21.5625,2.05833333333333,0.0,4495,7929,1669,11,11693,16276.0
2019-05-19,6.0,0.028,0.011,19.1708333333333,1.32916666666666,0.604166666666666,4495,7929,1669,11,3642,2666.0
2019-05-20,6.0,0.037,0.011,16.7625,3.95416666666666,0.125,4495,7929,1669,11,3639,3766.0
2019-05-21,14.0,0.051,0.017,16.6416666666666,3.34583333333333,0.0,4495,7929,1669,11,6102,7521.0
2019-05-22,19.0,0.064,0.02,19.5458333333333,3.25,0.0,4495,7929,1669,11,5304,6119.0
2019-05-23,30.0,0.062,0.029,20.4625,1.5875,0.0,4495,7929,1669,11,5247,6060.0
2019-05-24,41.0,0.07,0.035,22.7041666666666,1.06666666666666,0.0,4495,7929,1669,11,9995,7253.0
2019-05-25,36.0,0.054,0.027,22.3583333333333,1.47499999999999,0.0,4495,7929,1669,11,14716,23240.0
2019-05-26,17.0,0.051,0.019,22.8375,1.52916666666666,0.0,4495,7929,1669,11,13198,25575.0
2019-05-27,8.0,0.04,0.012,17.8333333333333,2.82083333333333,0.208333333333333,4495,7929,1669,11,1857,1162.0
2019-05-28,5.0,0.04,0.015,17.5739130434782,2.26086956521739,0.0,4495,7929,1669,11,6713,9372.0
2019-05-29,16.0,0.049,0.025,18.8833333333333,2.26666666666666,0.0,4495,7929,1669,11,7187,8026.0
2019-05-30,17.0,0.054,0.023,18.6416666666666,2.5,0.0,4495,7929,1669,11,6147,19350.0
2019-05-31,7.0,0.055,0.014,18.9875,2.27916666666666,0.0,4495,7929,1669,11,8705,8759.0
2019-06-01,16.0,0.047,0.018,17.7249999999999,1.25,0.0,4462,7947,1678,11,37928,26364.0
2019-06-02,15.0,0.05,0.022,19.4041666666666,1.025,0.0,4462,7947,1678,11,22838,25449.0
2019-06-03,18.0,0.045,0.032,21.1791666666666,1.36666666666666,0.0,4462,7947,1678,11,4709,6056.0
2019-06-04,12.0,0.033,0.02,21.5083333333333,1.85416666666666,0.0,4462,7947,1678,11,6425,6528.0
2019-06-05,26.0,0.048,0.023,22.2791666666666,1.53333333333333,0.0,4462,7947,1678,11,8233,6975.0
2019-06-06,24.0,0.023,0.035,20.3666666666666,1.04166666666666,0.354166666666666,4462,7947,1678,11,11976,21962.0
2019-06-07,4.0,0.055,0.012,19.4041666666666,2.3625,2.33333333333333,4462,7947,1678,11,3684,2612.0
2019-06-08,10.0,0.04,0.021,20.5833333333333,1.02916666666666,0.0,4462,7947,1678,11,13817,27175.0
2019-06-09,16.0,0.046,0.018,21.3,1.3625,0.0,4462,7947,1678,11,6792,15525.0
2019-06-10,3.0,0.026,0.015,18.5333333333333,1.49166666666666,0.333333333333333,4462,7947,1678,11,3055,3073.0
2019-06-11,3.0,0.028,0.021,19.525,1.04583333333333,0.0,4462,7947,1678,11,4662,4733.0
2019-06-12,11.0,0.028,0.026,19.7541666666666,1.15833333333333,0.0,4462,7947,1678,11,4496,4792.0
2019-06-13,14.0,0.036,0.026,21.375,1.04166666666666,0.0,4462,7947,1678,11,4304,3361.0
2019-06-14,15.0,0.039,0.023,21.8,1.07916666666666,0.0,4462,7947,1678,11,5272,3441.0
2019-06-15,13.0,0.039,0.016,20.9749999999999,1.6875,0.0,4462,7947,1678,11,10778,12924.0
2019-06-16,7.0,0.042,0.013,20.4416666666666,1.15416666666666,0.0,4462,7947,1678,11,7092,14680.0
2019-06-17,9.0,0.038,0.016,20.8833333333333,1.89166666666666,0.0208333333333333,4462,7947,1678,11,3319,3147.0
2019-06-18,12.0,0.033,0.019,19.9291666666666,1.3625,0.625,4462,7947,1678,11,3507,2085.0
2019-06-19,17.0,0.043,0.016,21.0625,0.95,0.0208333333333333,4462,7947,1678,11,3661,2212.0
2019-06-20,14.0,0.037,0.017,22.2291666666666,1.00833333333333,0.0,4462,7947,1678,11,4195,3271.0
2019-06-21,11.0,0.034,0.018,21.7958333333333,1.30416666666666,0.0,4462,7947,1678,11,4068,2457.0
2019-06-22,3.0,0.037,0.014,22.8333333333333,1.28749999999999,0.0,4462,7947,1678,11,8822,12601.0
2019-06-23,5.0,0.038,0.011,21.9708333333333,1.14583333333333,0.0625,4462,7947,1678,11,7017,11289.0
2019-06-24,10.0,0.04,0.019,23.0166666666666,1.45833333333333,0.0,4462,7947,1678,11,3035,2921.0
2019-06-25,17.0,0.053,0.026,23.6125,0.775,0.0,4462,7947,1678,11,3974,2038.0
2019-06-26,18.0,0.043,0.025,23.2874999999999,0.799999999999999,0.0,4462,7947,1678,11,3320,1954.0
2019-06-27,9.0,0.041,0.016,24.8208333333333,1.325,0.0,4462,7947,1678,11,3273,1587.0
2019-06-28,18.0,0.034,0.019,23.9291666666666,1.46666666666666,0.0,4462,7947,1678,11,3729,17126.0
2019-06-29,12.0,0.024,0.018,21.9291666666666,0.9375,0.0833333333333333,4462,7947,1678,11,5051,4743.0
2019-06-30,20.0,0.035,0.01,22.95,1.89583333333333,0.0,4462,7947,1678,11,6681,9422.0
2019-07-01,17.0,0.054,0.013,23.1833333333333,2.00416666666666,0.0,4469,7951,1687,11,3030,2026.0
2019-07-02,16.0,0.049,0.015,23.5541666666666,1.71666666666666,0.0,4469,7951,1687,11,4996,2076.0
2019-07-03,17.0,0.031,0.025,22.7833333333333,0.841666666666666,0.0,4469,7951,1687,11,4102,1546.0
2019-07-04,15.0,0.033,0.028,23.5166666666666,1.22916666666666,0.0,4469,7951,1687,11,4620,1671.0
2019-07-05,19.0,0.051,0.031,25.7916666666666,1.05416666666666,0.0,4469,7951,1687,11,5171,1344.0
2019-07-06,19.0,0.051,0.02,28.1958333333333,1.20416666666666,0.0,4469,7951,1687,11,6160,3647.0
2019-07-07,8.0,0.045,0.008,25.825,2.04166666666666,0.0,4469,7951,1687,11,4775,4107.0
2019-07-08,3.0,0.034,0.014,23.9124999999999,1.71666666666666,0.0,4469,7951,1687,11,2827,1440.0
2019-07-09,4.0,0.033,0.013,23.7916666666666,1.50833333333333,0.0,4469,7951,1687,11,3665,1778.0
2019-07-10,2.0,0.027,0.014,21.9541666666666,1.9,0.5,4469,7951,1687,11,3751,1412.0
2019-07-11,2.0,0.019,0.013,21.1666666666666,1.79166666666666,0.270833333333333,4469,7951,1687,11,3096,1100.0
2019-07-12,5.0,0.028,0.014,23.0208333333333,1.64583333333333,0.0,4469,7951,1687,11,4620,2070.0
2019-07-13,17.0,0.036,0.017,23.6791666666666,1.27916666666666,0.0,4469,7951,1687,11,6838,7214.0
2019-07-14,26.0,0.048,0.014,24.4208333333333,0.9625,0.0,4469,7951,1687,11,5547,6264.0
2019-07-15,24.0,0.029,0.021,22.7833333333333,0.674999999999999,0.333333333333333,4469,7951,1687,11,2412,1060.0
2019-07-16,15.0,0.026,0.022,23.9541666666666,0.504166666666666,0.0,4469,7951,1687,11,3400,1684.0
2019-07-17,33.0,0.038,0.025,25.0083333333333,0.754166666666666,0.0,4469,7951,1687,11,3601,1339.0
2019-07-18,35.0,0.059,0.022,26.5,1.2125,0.0,4469,7951,1687,11,3539,2643.0
2019-07-19,15.0,0.033,0.018,26.575,1.34166666666666,0.0,4469,7951,1687,11,4029,1355.0
2019-07-20,2.0,0.013,0.009,27.4666666666666,2.36666666666666,0.0416666666666666,4469,7951,1687,11,4348,2468.0
2019-07-21,6.0,0.023,0.006,24.9333333333333,2.13749999999999,0.625,4469,7951,1687,11,3978,2912.0
2019-07-22,25.0,0.049,0.012,26.6333333333333,1.84583333333333,0.0,4469,7951,1687,11,2860,1429.0
2019-07-23,12.0,0.021,0.014,27.2208333333333,0.954166666666666,0.0,4469,7951,1687,11,3636,1370.0
2019-07-24,7.0,0.009,0.016,25.5416666666666,0.933333333333333,0.125,4469,7951,1687,11,2853,765.0
2019-07-25,14.0,0.023,0.017,25.6333333333333,0.766666666666666,0.395833333333333,4469,7951,1687,11,2637,630.0
2019-07-26,11.0,0.023,0.009,25.2458333333333,1.53749999999999,3.375,4469,7951,1687,11,1995,12704.0
2019-07-27,5.0,0.03,0.0085,27.7708333333333,1.04166666666666,1.16666666666666,4469,7951,1687,11,3089,2834.0
2019-07-28,4.0,0.021,0.0085,25.9124999999999,1.54166666666666,1.0625,4469,7951,1687,11,2827,1144.0
2019-07-29,3.0,0.01,0.008,27.5291666666666,2.05833333333333,0.0,4469,7951,1687,11,3581,2921.0
2019-07-30,6.0,0.015,0.009,27.9333333333333,2.625,0.0,4469,7951,1687,11,5347,2230.0
2019-07-31,6.0,0.019,0.012,26.0666666666666,1.9375,2.5625,4469,7951,1687,11,3101,724.0
2019-08-01,9.0,0.011,0.013,26.4583333333333,1.19166666666666,2.22916666666666,4468,7945,1689,11,5359,3038.0
2019-08-02,12.0,0.027,0.027,28.0208333333333,0.683333333333333,0.0,4468,7945,1689,11,5759,2886.0
2019-08-03,10.0,0.034,0.018,28.9368421052631,0.799999999999999,0.157894736842105,4468,7945,1689,11,5543,2685.0
2019-08-04,12.0,0.045,0.018,30.0928571428571,0.885714285714285,0.0,4468,7945,1689,11,4387,2468.0
2019-08-05,19.0,0.037,0.022,29.4041666666666,0.641666666666666,0.0,4468,7945,1689,11,2574,1053.0
2019-08-06,14.0,0.026,0.019,30.4124999999999,1.09166666666666,0.0,4468,7945,1689,11,3533,7204.0
2019-08-07,7.0,0.017,0.017,26.5416666666666,0.966666666666666,0.375,4468,7945,1689,11,3033,1197.0
2019-08-08,21.0,0.022,0.017,28.1041666666666,0.991666666666666,0.0,4468,7945,1689,11,3959,1250.0
2019-08-09,12.0,0.018,0.018,28.7625,1.00434782608695,0.0,4468,7945,1689,11,3973,886.0
2019-08-10,8.0,0.03,0.016,30.0166666666666,1.32916666666666,0.0,4468,7945,1689,11,4804,1785.0
2019-08-11,8.0,0.025,0.008,29.8333333333333,2.69166666666666,0.125,4468,7945,1689,11,4469,2657.0
2019-08-12,8.0,0.012,0.015,26.425,1.19166666666666,1.89583333333333,4468,7945,1689,11,1402,428.0
2019-08-13,11.0,0.021,0.018,28.5999999999999,0.820833333333333,0.145833333333333,4468,7945,1689,11,4093,1185.0
2019-08-14,8.0,0.02,0.017,29.5708333333333,1.10833333333333,0.0,4468,7945,1689,11,3664,872.0
2019-08-15,3.0,0.01,0.011,25.6541666666666,1.27083333333333,1.20833333333333,4468,7945,1689,11,3809,1120.0
2019-08-16,6.0,0.032,0.01,25.6541666666666,2.14583333333333,0.0208333333333333,4468,7945,1689,11,4028,3587.0
2019-08-17,16.0,0.053,0.012,24.95,1.69583333333333,0.229166666666666,4468,7945,1689,11,6214,5430.0
2019-08-18,9.0,0.043,0.011,24.3541666666666,1.35416666666666,0.0,4468,7945,1689,11,5741,7670.0
2019-08-19,13.0,0.036,0.022,24.4625,0.545833333333333,0.0,4468,7945,1689,11,2863,1854.0
2019-08-20,16.0,0.036,0.021,25.6416666666666,0.933333333333333,0.0,4468,7945,1689,11,3848,1430.0
2019-08-21,18.0,0.031,0.022,25.9708333333333,0.854166666666666,0.0,4468,7945,1689,11,3531,1328.0
2019-08-22,21.0,0.038,0.018,26.125,1.34583333333333,0.0,4468,7945,1689,11,3619,1190.0
2019-08-23,12.0,0.044,0.015,25.5875,1.59166666666666,0.0,4468,7945,1689,11,3933,1863.0
2019-08-24,8.0,0.022,0.019,22.5083333333333,1.025,0.0,4468,7945,1689,11,7576,10784.0
2019-08-25,8.0,0.034,0.015,23.4166666666666,1.13333333333333,0.0,4468,7945,1689,11,6491,11007.0
2019-08-26,13.0,0.035,0.024,24.525,0.725,0.0,4468,7945,1689,11,2985,1821.0
2019-08-27,14.0,0.038,0.025,24.4166666666666,0.666666666666666,0.0833333333333333,4468,7945,1689,11,3457,1711.0
2019-08-28,15.0,0.036,0.021,25.2041666666666,1.36666666666666,0.0,4468,7945,1689,11,3529,1679.0
2019-08-29,16.0,0.034,0.021,22.925,1.67083333333333,1.54166666666666,4468,7945,1689,11,2730,5198.0
2019-08-30,6.0,0.031,0.015,22.2083333333333,1.6375,0.0208333333333333,4468,7945,1689,11,4579,2304.0
2019-08-31,6.0,0.029,0.02,22.1583333333333,1.28333333333333,0.0,4468,7945,1689,11,22394,15428.0
2019-09-01,9.0,0.027,0.02,21.7833333333333,0.395833333333333,0.0,4472,7955,1680,11,17408,14422.0
2019-09-02,11.0,0.021,0.03,22.6541666666666,0.704166666666666,0.0,4472,7955,1680,11,2788,1994.0
2019-09-03,10.0,0.015,0.023,22.6791666666666,1.0125,0.0208333333333333,4472,7955,1680,11,3312,1790.0
2019-09-04,1.0,0.01,0.018,22.6291666666666,1.0875,0.583333333333333,4472,7955,1680,11,2440,460.0
2019-09-05,2.0,0.005,0.018,22.775,0.729166666666666,1.75,4472,7955,1680,11,2383,764.0
2019-09-06,5.0,0.01,0.019,24.7125,0.825,0.104166666666666,4472,7955,1680,11,2947,998.0
2019-09-07,4.0,0.019,0.005,25.7708333333333,4.3125,0.166666666666666,4472,7955,1680,11,1767,10228.0
2019-09-08,11.0,0.032,0.012,24.3666666666666,1.38333333333333,0.0208333333333333,4472,7955,1680,11,4440,6033.0
2019-09-09,14.0,0.01,0.022,23.7958333333333,0.570833333333333,0.0,4472,7955,1680,11,1968,925.0
2019-09-10,3.0,0.016,0.021,23.8,1.0625,2.47916666666666,4472,7955,1680,11,2491,987.0
2019-09-11,3.0,0.033,0.012,23.7958333333333,1.39583333333333,0.291666666666666,4472,7955,1680,11,2957,1770.0
2019-09-12,3.0,0.02,0.01,20.6625,1.30833333333333,0.8125,4472,7955,1680,11,3876,5460.0
2019-09-13,3.0,0.026,0.011,21.7333333333333,0.954166666666666,0.0208333333333333,4472,7955,1680,11,8518,19822.0
2019-09-14,5.0,0.016,0.014,21.7083333333333,0.808333333333333,0.0208333333333333,4472,7955,1680,11,8606,16120.0
2019-09-15,5.0,0.027,0.01,23.3791666666666,0.866666666666666,0.0,4472,7955,1680,11,6836,14186.0
2019-09-16,5.0,0.018,0.016,22.7874999999999,1.04166666666666,0.0,4472,7955,1680,11,3191,3182.0
2019-09-17,6.0,0.027,0.025,20.6458333333333,0.858333333333333,0.0,4472,7955,1680,11,3710,2611.0
2019-09-18,9.0,0.028,0.02,20.4958333333333,1.62916666666666,0.0,4472,7955,1680,11,4067,3172.0
2019-09-19,8.0,0.023,0.022,18.0458333333333,0.975,0.0,4472,7955,1680,11,3876,3431.0
2019-09-20,6.0,0.008,0.026,18.2375,0.820833333333333,0.0,4472,7955,1680,11,4145,4563.0
2019-09-21,4.0,0.012,0.022,18.5875,0.866666666666666,0.0,4472,7955,1680,11,8203,10127.0
2019-09-22,2.0,0.036,0.008,17.3499999999999,2.1125,0.145833333333333,4472,7955,1680,11,2436,1126.0
2019-09-23,3.0,0.028,0.016,19.2375,1.48333333333333,0.0,4472,7955,1680,11,3764,2999.0
2019-09-24,9.0,0.016,0.028,17.675,0.829166666666666,0.0,4472,7955,1680,11,5327,4136.0
2019-09-25,11.0,0.016,0.032,18.65,0.466666666666666,0.0,4472,7955,1680,11,4712,3948.0
2019-09-26,14.0,0.018,0.026,20.6083333333333,0.695833333333333,0.0,4472,7955,1680,11,4463,11123.0
2019-09-27,8.0,0.012,0.029,20.7125,0.545833333333333,0.0,4472,7955,1680,11,6337,4624.0
2019-09-28,15.0,0.018,0.028,21.8416666666666,0.55,0.0,4472,7955,1680,11,23517,22637.0
2019-09-29,23.0,0.03,0.024,20.3666666666666,0.6875,0.0,4472,7955,1680,11,8521,18965.0
2019-09-30,33.0,0.033,0.032,20.25,0.504166666666666,0.0,4472,7955,1680,11,3648,4098.0
2019-10-01,28.0,0.021,0.031,21.2666666666666,0.608333333333333,0.0,4460,7947,1694,9,5654,3496.0
2019-10-02,11.0,0.004,0.021,21.3,1.41666666666666,0.875,4460,7947,1694,9,5283,2251.0
2019-10-03,2.0,0.018,0.012,21.9291666666666,1.64583333333333,0.770833333333333,4460,7947,1694,9,6468,15337.0
2019-10-04,15.0,0.023,0.018,21.0458333333333,0.991666666666666,0.0,4460,7947,1694,9,10388,11882.0
2019-10-05,21.0,0.025,0.014,19.2791666666666,1.54166666666666,0.0,4460,7947,1694,9,9665,16368.0
2019-10-06,3.0,0.025,0.012,17.0083333333333,1.37916666666666,0.0,4460,7947,1694,9,7496,19596.0
2019-10-07,3.0,0.009,0.023,14.9291666666666,0.612499999999999,1.125,4460,7947,1694,9,1516,453.0
2019-10-08,6.0,0.021,0.017,14.9166666666666,1.5625,0.0,4460,7947,1694,9,6348,6765.0
2019-10-09,7.0,0.014,0.023,12.0541666666666,0.841666666666666,0.0,4460,7947,1694,9,12095,25533.0
2019-10-10,11.0,0.006,0.034,13.5083333333333,0.554166666666666,0.0,4460,7947,1694,9,4647,4152.0
2019-10-11,15.0,0.023,0.023,17.2958333333333,1.29166666666666,0.0,4460,7947,1694,9,8660,6444.0
2019-10-12,9.0,0.037,0.011,17.8291666666666,3.07916666666666,0.0,4460,7947,1694,9,11167,18065.0
2019-10-13,7.0,0.023,0.016,15.1416666666666,0.891666666666666,0.0,4460,7947,1694,9,7977,18452.0
2019-10-14,12.0,0.021,0.019,13.6458333333333,1.47499999999999,0.0,4460,7947,1694,9,4051,3421.0
2019-10-15,7.0,0.014,0.024,12.3583333333333,0.716666666666666,0.0,4460,7947,1694,9,5783,4828.0
2019-10-16,12.0,0.012,0.031,12.7625,0.6,0.0,4460,7947,1694,9,5829,4625.0
2019-10-17,15.0,0.013,0.031,13.5083333333333,0.725,0.0,4460,7947,1694,9,7041,7092.0
2019-10-18,8.0,0.01,0.027,14.9916666666666,1.0625,0.0,4460,7947,1694,9,13588,8745.0
2019-10-19,8.0,0.018,0.023,15.35,0.841666666666666,0.0,4460,7947,1694,9,11293,19166.0
2019-10-20,17.0,0.015,0.023,14.1958333333333,0.529166666666666,0.0,4460,7947,1694,9,7876,16154.0
2019-10-21,19.0,0.015,0.035,14.9791666666666,0.616666666666666,0.0,4460,7947,1694,9,3710,4135.0
2019-10-22,21.0,0.014,0.035,15.4458333333333,0.565217391304347,0.0,4460,7947,1694,9,5817,4520.0
2019-10-23,13.0,0.01,0.032,15.1458333333333,0.733333333333333,0.0,4460,7947,1694,9,6797,5540.0
2019-10-24,12.0,0.024,0.025,17.125,1.18333333333333,0.0,4460,7947,1694,9,6115,4341.0
2019-10-25,10.0,0.023,0.024,15.875,1.06666666666666,0.0,4460,7947,1694,9,15442,8133.0
2019-10-26,11.0,0.02,0.017,10.4375,1.53749999999999,0.0,4460,7947,1694,9,18394,17609.0
2019-10-27,11.0,0.018,0.021,9.15,0.833333333333333,0.0,4460,7947,1694,9,9604,16692.0
2019-10-28,14.0,0.025,0.022,11.5083333333333,1.2125,0.0,4460,7947,1694,9,3544,3318.0
2019-10-29,21.0,0.02,0.019,12.5,1.64166666666666,0.0208333333333333,4460,7947,1694,9,4991,3791.0
2019-10-30,8.0,0.014,0.026,9.38333333333333,1.0,0.0,4460,7947,1694,9,5094,12945.0
2019-10-31,22.0,0.029,0.026,13.7,1.5875,0.0,4460,7947,1694,9,5373,4014.0
2019-11-01,28.0,0.018,0.036,13.8208333333333,1.05416666666666,0.0,4460,7931,1701,9,6993,3458.0
2019-11-02,38.0,0.016,0.041,11.6458333333333,0.575,0.0,4460,7931,1701,9,10869,14026.0
2019-11-03,37.0,0.017,0.03,12.9708333333333,0.854166666666666,0.0,4460,7931,1701,9,8112,11948.0
2019-11-04,5.0,0.01,0.029,11.3916666666666,0.745833333333333,0.0,4460,7931,1701,9,4537,3977.0
2019-11-05,16.0,0.015,0.032,10.45,0.829166666666666,0.0,4460,7931,1701,9,5469,3444.0
2019-11-06,28.0,0.011,0.039,9.5125,0.754166666666666,0.0,4460,7931,1701,9,4455,3086.0
2019-11-07,20.0,0.021,0.026,8.67916666666666,1.20833333333333,0.0,4460,7931,1701,9,4898,3573.0
2019-11-08,16.0,0.01,0.034,5.20833333333333,0.862499999999999,0.0,4460,7931,1701,9,6236,4592.0
2019-11-09,19.0,0.009,0.037,7.0625,0.733333333333333,0.0,4460,7931,1701,9,10162,12385.0
2019-11-10,25.0,0.017,0.028,8.85833333333333,0.970833333333333,0.604166666666666,4460,7931,1701,9,6654,9306.0
2019-11-11,14.0,0.029,0.02,11.5,1.8625,0.125,4460,7931,1701,9,2982,2244.0
2019-11-12,18.0,0.005,0.035,8.01666666666666,0.579166666666666,0.0,4460,7931,1701,9,4704,2867.0
2019-11-13,23.0,0.009,0.029,7.23333333333333,1.65416666666666,0.4375,4460,7931,1701,9,2906,1080.0
2019-11-14,3.0,0.022,0.015,1.73333333333333,2.25833333333333,0.0,4460,7931,1701,9,3526,3890.0
2019-11-15,12.0,0.006,0.034,5.87916666666666,1.71666666666666,0.895833333333333,4460,7931,1701,9,3042,618.0
2019-11-16,16.0,0.004,0.033,6.51666666666666,0.8875,0.0,4460,7931,1701,9,7086,6239.0
2019-11-17,13.0,0.01,0.028,7.55833333333333,1.0875,1.47916666666666,4460,7931,1701,9,2562,1062.0
2019-11-18,8.0,0.029,0.01,6.71249999999999,2.70416666666666,0.791666666666666,4460,7931,1701,9,2016,893.0
2019-11-19,7.0,0.021,0.016,1.47499999999999,1.76666666666666,0.0,4460,7931,1701,9,2737,2984.0
2019-11-20,10.0,0.01,0.03,0.283333333333333,0.970833333333333,0.0,4460,7931,1701,9,2910,1030.0
2019-11-21,15.0,0.003,0.042,2.8,0.729166666666666,0.0,4460,7931,1701,9,2984,1160.0
2019-11-22,17.0,0.006,0.04,7.47916666666666,0.879166666666666,0.0,4460,7931,1701,9,3991,1700.0
2019-11-23,16.0,0.006,0.038,9.73749999999999,0.725,0.0,4460,7931,1701,9,6956,7841.0
2019-11-24,15.0,0.012,0.025,9.40833333333333,1.25833333333333,0.104166666666666,4460,7931,1701,9,3877,3749.0
2019-11-25,14.0,0.012,0.023,2.45416666666666,1.95833333333333,0.0,4460,7931,1701,9,2247,922.0
2019-11-26,16.0,0.007,0.032,5.90833333333333,0.9125,0.0,4460,7931,1701,9,3716,1377.0
2019-11-27,20.0,0.015,0.025,4.19166666666666,1.54166666666666,0.0,4460,7931,1701,9,3541,1223.0
2019-11-28,22.0,0.006,0.035,3.6,1.21666666666666,0.0,4460,7931,1701,9,3266,1041.0
2019-11-29,21.0,0.008,0.035,1.0125,1.025,0.0,4460,7931,1701,9,4301,18132.0
2019-11-30,26.0,0.007,0.044,3.23333333333333,0.691666666666666,0.0,4460,7931,1701,9,5150,3727.0
2019-12-01,37.0,0.007,0.036,5.18333333333333,0.683333333333333,0.1875,4502,7952,1713,9,2036,836.0
2019-12-02,11.0,0.025,0.015,1.64583333333333,2.3,0.0,4502,7952,1713,9,2322,813.0
2019-12-03,18.0,0.004,0.034,-0.0375,1.4875,0.0208333333333333,4502,7952,1713,9,3635,696.0
2019-12-04,15.0,0.01,0.031,2.55416666666666,1.1375,0.0833333333333333,4502,7952,1713,9,2776,790.0
2019-12-05,10.0,0.024,0.014,-2.25,2.5875,0.0,4502,7952,1713,9,2342,705.0
2019-12-06,12.0,0.01,0.028,-5.74166666666666,0.920833333333333,0.0,4502,7952,1713,9,2310,407.0
2019-12-07,32.0,0.003,0.043,-2.92857142857142,0.566666666666666,0.0,4502,7952,1713,9,3451,1326.0
2019-12-08,43.0,0.005,0.041,-1.84999999999999,0.525,0.0,4502,7952,1713,9,3520,2122.0
2019-12-09,49.0,0.006,0.044,2.84166666666666,0.754166666666666,0.0,4502,7952,1713,9,2019,621.0
2019-12-10,73.0,0.012,0.042,7.24166666666666,0.924999999999999,0.0625,4502,7952,1713,9,4989,708.0
2019-12-11,61.0,0.031,0.022,7.52499999999999,2.25416666666666,0.0,4502,7952,1713,9,6069,645.0
2019-12-12,11.0,0.016,0.021,0.6875,1.825,0.0,4502,7952,1713,9,4038,1153.0
2019-12-13,14.0,0.006,0.035,2.30833333333333,1.41666666666666,0.0,4502,7952,1713,9,3486,749.0
2019-12-14,29.0,0.013,0.026,4.34166666666666,1.89166666666666,0.0625,4502,7952,1713,9,4706,2182.0
2019-12-15,25.0,0.008,0.031,4.32083333333333,0.5375,0.0,4502,7952,1713,9,4148,3487.0
2019-12-16,24.0,0.005,0.041,6.83333333333333,0.5125,0.0,4502,7952,1713,9,2382,1084.0
2019-12-17,19.0,0.013,0.029,9.6,1.62916666666666,0.479166666666666,4502,7952,1713,9,3642,473.0
2019-12-18,25.0,0.013,0.028,2.82499999999999,1.175,0.0,4502,7952,1713,9,3651,1578.0
2019-12-19,13.0,0.015,0.024,0.545833333333333,1.47499999999999,0.0,4502,7952,1713,9,3703,779.0
2019-12-20,18.0,0.011,0.028,0.175,1.37083333333333,0.0,4502,7952,1713,9,4186,725.0
2019-12-21,22.0,0.004,0.036,-1.02916666666666,0.870833333333333,0.0,4502,7952,1713,9,4155,1661.0
2019-12-22,43.0,0.009,0.033,3.31666666666666,0.804166666666666,0.0,4502,7952,1713,9,3402,1967.0
2019-12-23,39.0,0.014,0.031,4.55,1.43333333333333,0.208333333333333,4502,7952,1713,9,2114,699.0
2019-12-24,46.0,0.006,0.042,0.625,0.816666666666666,0.0,4502,7952,1713,9,4260,959.0
2019-12-25,31.0,0.006,0.038,1.09583333333333,0.720833333333333,0.0,4502,7952,1713,9,4844,2858.0
2019-12-26,35.0,0.015,0.032,3.13333333333333,1.4375,0.0625,4502,7952,1713,9,2482,548.0
2019-12-27,18.0,0.018,0.026,-0.579166666666666,1.375,0.0,4502,7952,1713,9,3583,1302.0
2019-12-28,23.0,0.007,0.035,0.2625,0.579166666666666,0.0,4502,7952,1713,9,5194,2110.0
2019-12-29,28.0,0.007,0.033,3.3,0.833333333333333,0.0208333333333333,4502,7952,1713,9,3582,6913.0
2019-12-30,26.0,0.014,0.026,4.725,1.89166666666666,0.0208333333333333,4502,7952,1713,9,2277,863.0
2019-12-31,12.0,0.023,0.015,-5.9875,2.3,0.0,4502,7952,1713,9,2409,548.0
